ticker,is_gx,tcfd_flag,sbti_flag
1301,0,1,0
1305,0,0,0
1306,0,0,0
1308,0,0,0
1309,0,0,0
130A,0,0,0
1311,0,0,0
1319,0,0,0
131A,0,0,0
1320,0,0,0
1321,0,0,0
1322,0,0,0
1325,0,0,0
1326,0,0,0
1328,0,0,0
1329,0,0,0
132A,0,0,0
1330,0,0,0
1332,0,1,0
1333,0,1,0
133A,0,0,0
1343,0,0,0
1345,0,0,0
1346,0,0,0
1348,0,0,0
1349,0,0,0
134A,0,0,0
1356,0,0,0
1357,0,0,0
1358,0,0,0
135A,0,0,0
1360,0,0,0
1364,0,0,0
1365,0,0,0
1366,0,0,0
1367,0,0,0
1368,0,0,0
1369,0,0,0
136A,0,0,0
1375,0,0,0
1376,0,0,0
1377,0,1,0
1379,0,0,0
137A,0,0,0
1380,0,0,0
1381,0,0,0
1382,0,0,0
1383,0,0,0
1384,0,0,0
138A,0,0,0
1397,0,0,0
1398,0,0,0
1399,0,0,0
139A,0,0,0
1401,0,0,0
1407,0,0,0
140A,0,0,0
1414,0,0,0
1417,0,0,0
1418,0,0,0
1419,0,0,0
141A,0,0,0
1420,0,0,0
1429,0,0,0
142A,0,0,0
1430,0,0,0
1431,0,0,0
1432,0,0,0
1433,0,1,0
1434,0,0,0
1435,0,0,0
1436,0,0,0
1438,0,0,0
143A,0,0,0
1443,0,0,0
1444,0,0,0
1445,0,0,0
1446,0,0,0
1447,0,0,0
144A,1,0,0
1450,0,0,0
1452,0,0,0
1456,0,0,0
1457,0,0,0
1458,0,0,0
1459,0,0,0
145A,0,0,0
1466,0,0,0
1469,0,0,0
146A,0,0,0
1472,0,0,0
1473,0,0,0
1474,0,0,0
1475,0,0,0
1476,0,0,0
1477,0,0,0
1478,0,0,0
1479,0,0,0
147A,0,0,0
1480,0,0,0
1481,0,0,0
1482,0,0,0
1483,0,0,0
1484,0,0,0
1485,0,0,0
1486,0,0,0
1487,0,0,0
1488,0,0,0
1489,0,0,0
148A,0,0,0
1490,0,0,0
1491,0,0,0
1493,0,0,0
1494,0,0,0
1495,0,0,0
1496,0,0,0
1497,0,0,0
1498,0,0,0
1499,0,0,0
149A,0,0,0
150A,0,0,0
1514,0,0,0
1515,0,1,0
1518,0,0,0
151A,0,0,0
152A,0,0,0
153A,0,0,0
1540,0,0,0
1541,0,0,0
1542,0,0,0
1543,0,0,0
1545,0,0,0
1546,0,0,0
1547,0,0,0
154A,0,0,0
1550,0,0,0
1551,0,0,0
1554,0,0,0
1555,0,0,0
1557,0,0,0
1559,0,0,0
155A,0,0,0
1560,0,0,0
1563,0,0,0
1566,0,0,0
1568,0,0,0
1569,0,0,0
156A,0,1,0
1570,0,0,0
1571,0,0,0
1572,0,0,0
1573,0,0,0
1577,0,0,0
1578,0,0,0
1579,0,0,0
157A,0,0,0
1580,0,0,0
1585,0,0,0
1586,0,0,0
158A,0,0,0
1591,0,0,0
1592,0,0,0
1593,0,0,0
1595,0,0,0
1596,0,0,0
1597,0,0,0
1599,0,0,0
159A,0,0,0
1605,0,0,0
160A,0,0,0
1615,0,0,0
1617,0,0,0
1618,0,0,0
1619,0,0,0
161A,0,0,0
1620,0,0,0
1621,0,0,0
1622,0,0,0
1623,0,0,0
1624,0,0,0
1625,0,0,0
1626,0,0,0
1627,0,0,0
1628,0,0,0
1629,0,0,0
162A,0,0,0
1630,0,0,0
1631,0,0,0
1632,0,0,0
1633,0,0,0
163A,0,0,0
164A,0,0,0
1651,0,0,0
1652,0,0,0
1653,0,0,0
1654,0,0,0
1655,0,0,0
1656,0,0,0
1657,0,0,0
1658,0,0,0
1659,0,0,0
1660,0,0,0
1662,1,0,0
1663,0,0,0
166A,0,0,0
1671,0,0,0
1672,0,0,0
1673,0,0,0
1674,0,0,0
1675,0,0,0
1676,0,0,0
1677,0,0,0
1678,0,0,0
1679,0,0,0
167A,0,0,0
1680,0,0,0
1681,0,0,0
1684,0,0,0
1685,0,0,0
1686,0,0,0
1687,0,0,0
1688,0,0,0
1689,0,0,0
168A,0,0,0
1690,0,0,0
1691,0,0,0
1692,0,0,0
1693,0,0,0
1694,0,0,0
1695,0,0,0
1696,0,0,0
1697,0,0,0
1698,0,0,0
1699,0,0,0
170A,0,0,0
1711,0,0,0
1712,0,1,0
1716,0,1,0
1717,0,1,0
1718,0,0,0
1719,1,0,0
171A,0,0,0
1720,1,1,0
1721,0,0,0
1723,0,0,0
1724,0,0,0
1726,0,0,0
172A,0,0,0
1736,0,0,0
173A,0,0,0
1758,0,0,0
175A,0,0,0
1762,0,0,0
1764,0,0,0
1766,0,0,0
1768,0,0,0
176A,1,0,0
1770,0,0,0
1773,0,0,0
1776,0,0,0
177A,0,0,0
1780,0,1,0
1783,0,0,0
1786,0,1,0
1787,0,0,0
1788,0,0,0
178A,0,0,0
1793,0,0,0
1795,0,0,0
1798,0,0,0
1799,0,0,0
179A,0,0,0
1801,1,1,0
1802,1,1,0
1803,1,1,0
1807,1,0,0
1808,0,1,0
180A,0,0,0
1810,0,0,0
1811,0,0,0
1812,1,1,0
1813,0,1,0
1814,0,1,0
1815,0,1,0
181A,0,0,0
1820,0,1,0
1821,1,1,0
1822,0,0,0
1826,0,0,0
1827,0,0,0
1828,0,0,0
182A,0,0,0
1833,1,1,0
1835,0,1,0
183A,0,0,0
1840,0,0,0
1841,0,0,0
1844,0,0,0
1847,0,1,0
1848,0,0,0
184A,0,0,0
1850,0,0,0
1852,0,1,0
1853,0,0,0
185A,0,0,0
1860,1,1,0
1861,0,1,0
1866,0,0,0
1867,0,0,0
186A,0,0,0
1870,0,1,0
1871,0,0,0
1873,0,0,0
1878,1,1,0
1879,0,0,0
1882,0,0,0
1885,1,0,0
1887,0,1,0
1888,0,1,0
188A,0,0,0
1890,1,0,0
1893,1,1,0
1897,0,0,0
1898,1,0,0
1899,0,0,0
189A,0,0,0
1904,0,1,0
1905,0,0,0
1909,0,0,0
190A,0,0,0
1911,1,1,0
1914,0,0,0
191A,0,0,0
1921,0,0,0
1925,1,1,0
1926,0,1,0
1928,1,1,0
1929,0,0,0
192A,0,0,0
1930,0,0,0
1934,0,1,0
1938,0,0,0
1939,0,1,0
1941,0,1,0
1942,0,1,0
1944,0,1,0
1945,1,1,0
1946,0,1,0
1948,0,0,0
1949,0,1,0
194A,0,0,0
1950,0,1,0
1951,0,1,0
1952,0,1,0
1959,0,0,0
195A,0,0,0
1960,0,0,0
1961,0,1,0
1963,1,0,0
1964,0,0,0
1965,0,0,0
1966,0,0,0
1967,0,1,0
1968,0,0,0
1969,1,1,0
196A,0,0,0
1972,0,0,0
1975,0,1,0
1976,0,1,0
1979,0,0,0
197A,0,0,0
1980,0,1,0
1981,0,0,0
1982,0,0,0
198A,0,0,0
1992,0,0,0
1994,0,0,0
1997,0,0,0
199A,0,0,0
2001,0,1,0
2002,0,1,0
2003,0,0,0
2004,0,1,0
2009,0,0,0
200A,0,0,0
2011,0,0,0
2012,0,0,0
2013,0,0,0
2014,0,0,0
2015,0,0,0
2016,0,0,0
2017,0,0,0
2018,0,0,0
2019,0,0,0
201A,0,0,0
202A,0,0,0
2031,0,0,0
2032,0,0,0
2033,0,0,0
2034,0,0,0
2036,0,0,0
2037,0,0,0
2038,0,0,0
2039,0,0,0
203A,0,0,0
2040,0,0,0
2041,0,0,0
2042,0,0,0
2043,0,0,0
2044,0,0,0
2045,0,0,0
2046,0,0,0
2047,0,0,0
2048,0,0,0
204A,0,0,0
2050,0,0,0
2053,0,1,0
2055,0,0,0
205A,0,0,0
2060,0,0,0
2065,0,0,0
2066,0,0,0
2067,0,0,0
2068,0,0,0
2069,0,0,0
206A,0,0,0
2070,0,0,0
2071,0,0,0
2072,0,0,0
2073,0,0,0
207A,0,0,0
2080,0,0,0
2081,0,0,0
2082,0,0,0
2083,0,0,0
2084,0,0,0
2085,0,0,0
2086,0,0,0
2087,0,0,0
2088,0,0,0
2089,0,0,0
208A,0,0,0
2090,0,0,0
2091,0,0,0
2092,0,0,0
2093,0,0,0
2094,0,0,0
2095,0,0,0
2096,0,0,0
2097,0,0,0
2098,0,0,0
209A,0,0,0
2108,0,0,0
2109,0,0,0
210A,0,0,0
2112,0,0,0
2114,0,0,0
2117,0,0,0
211A,0,0,0
2120,0,0,0
2121,0,0,0
2122,0,0,0
2124,0,1,0
2127,0,0,0
212A,0,0,0
2130,1,1,0
2134,0,0,0
2136,0,0,0
2138,0,0,0
2139,0,0,0
213A,0,0,0
2146,0,0,0
2148,0,0,0
2150,0,0,0
2152,0,0,0
2153,0,0,0
2154,0,0,0
2156,0,0,0
2157,0,0,0
2158,0,0,0
215A,0,0,0
2160,0,0,0
2162,0,0,0
2163,0,1,0
2164,0,0,0
2168,0,1,0
2169,0,0,0
216A,0,0,0
2170,0,0,0
2173,0,0,0
2175,0,0,0
2179,0,0,0
217A,0,0,0
2180,0,0,0
2181,0,0,0
2183,0,0,0
2185,0,0,0
2186,0,0,0
218A,0,0,0
2193,0,0,0
2195,1,0,0
2196,0,0,0
2198,0,0,0
219A,0,0,0
2201,0,1,0
2204,0,0,0
2206,0,0,0
2207,0,0,0
2208,0,0,0
2209,0,0,0
220A,0,0,0
2211,0,1,0
2212,0,0,0
2215,0,0,0
2216,0,1,0
2217,0,0,0
221A,0,0,0
2220,0,1,0
2221,0,0,0
2222,0,1,0
2224,0,0,0
2226,0,0,0
2229,0,1,0
222A,0,0,0
2235,0,0,0
2236,0,0,0
2237,0,0,0
2238,0,0,0
2239,0,0,0
223A,0,0,0
2240,0,0,0
2241,0,0,0
2242,0,0,0
2243,0,0,0
2244,0,0,0
2245,0,0,0
2246,0,0,0
2247,0,0,0
2248,0,0,0
2249,0,0,0
224A,0,0,0
2250,0,0,0
2251,0,0,0
2252,0,0,0
2253,0,0,0
2254,0,0,0
2255,0,0,0
2256,0,0,0
2257,0,0,0
2258,0,0,0
2259,0,0,0
2264,1,1,0
2266,0,0,0
2267,0,1,0
2268,0,0,0
2269,1,0,0
226A,0,0,0
2270,0,1,0
227A,0,0,0
2281,0,1,0
2282,0,1,0
2286,0,0,0
2288,0,1,0
228A,0,0,0
2291,0,0,0
2292,0,0,0
2293,0,0,0
2294,0,0,0
2296,0,0,0
229A,0,0,0
2300,0,0,0
2301,0,0,0
2303,0,0,0
2304,0,0,0
2305,0,0,0
2307,0,0,0
2311,0,1,0
2315,0,0,0
2317,0,0,0
2321,0,0,0
2323,0,0,0
2325,0,0,0
2326,0,0,0
2327,0,1,0
2329,0,0,0
2330,0,0,0
2331,0,0,0
2332,0,0,0
2334,0,0,0
2335,0,1,0
2337,1,1,0
2338,0,0,0
233A,0,0,0
2340,0,0,0
2341,0,0,0
2342,0,0,0
2344,0,0,0
2345,0,0,0
2349,0,0,0
234A,0,0,0
2351,0,0,0
2353,0,0,0
2354,0,0,0
2359,0,0,0
235A,0,0,0
236A,0,0,0
2370,0,0,0
2371,0,0,0
2373,0,0,0
2374,0,0,0
2375,0,0,0
2376,0,0,0
2378,0,0,0
2379,0,1,0
237A,0,0,0
2384,0,0,0
2385,0,0,0
2388,0,0,0
2389,0,0,0
238A,0,0,0
2391,0,0,0
2393,0,0,0
2395,1,1,0
239A,0,0,0
2404,0,0,0
2408,0,0,0
2410,0,1,0
2411,0,0,0
2413,0,1,0
2415,0,0,0
2418,0,0,0
241A,0,0,0
2424,0,0,0
2425,0,0,0
2428,0,0,0
2429,0,0,0
2432,0,0,0
2433,0,0,0
2435,0,0,0
2436,0,0,0
2437,0,0,0
2438,0,0,0
243A,0,0,0
2440,0,0,0
2445,0,0,0
2449,0,0,0
244A,0,0,0
2452,0,0,0
2454,0,0,0
2459,0,0,0
245A,0,0,0
2461,0,0,0
2462,0,0,0
2464,0,0,0
2469,0,0,0
246A,1,0,0
2471,0,1,0
2475,0,0,0
2477,0,0,0
2479,0,0,0
247A,0,0,0
2480,0,0,0
2481,0,0,0
2483,0,0,0
2484,0,0,0
2485,0,0,0
2488,0,0,0
2489,0,0,0
248A,0,0,0
2491,0,0,0
2492,0,0,0
2493,0,0,0
2497,0,0,0
2498,0,0,0
2499,0,0,0
249A,0,0,0
2501,0,0,0
2502,1,0,0
2503,1,0,0
250A,0,0,0
2510,0,0,0
2511,0,0,0
2512,0,0,0
2513,0,0,0
2514,0,0,0
2515,0,0,0
2516,0,0,0
2517,0,0,0
2518,0,0,0
2519,0,0,0
251A,0,0,0
2520,0,0,0
2521,0,0,0
2522,0,0,0
2523,0,0,0
2524,0,0,0
2525,0,0,0
2526,0,0,0
2527,0,0,0
2528,0,0,0
2529,0,0,0
252A,0,0,0
2530,0,0,0
2531,0,0,0
2533,0,0,0
253A,0,0,0
2540,0,0,0
254A,0,0,0
2552,0,0,0
2553,0,0,0
2554,0,0,0
2555,0,0,0
2556,0,0,0
2557,0,0,0
2558,0,0,0
2559,0,0,0
255A,0,0,0
2560,0,0,0
2561,0,0,0
2562,0,0,0
2563,0,0,0
2564,0,0,0
2565,0,0,0
2566,0,0,0
2567,0,0,0
2568,0,0,0
2569,0,0,0
256A,0,0,0
2573,0,0,0
2579,0,0,0
257A,0,0,0
2585,0,0,0
2586,0,0,0
2587,0,0,0
2588,0,0,0
258A,0,0,0
2590,0,0,0
2593,1,1,0
25935,0,0,0
2594,0,0,0
2597,0,0,0
2602,0,1,0
2607,0,0,0
2612,0,0,0
2613,0,0,0
261A,0,0,0
2620,0,0,0
2621,0,0,0
2622,0,0,0
2623,0,0,0
2624,0,0,0
2625,0,0,0
2626,0,0,0
2627,0,0,0
2628,0,0,0
2629,0,0,0
262A,0,0,0
2630,0,0,0
2631,0,0,0
2632,0,0,0
2633,0,0,0
2634,0,0,0
2636,0,0,0
2637,0,0,0
2638,0,0,0
2639,0,0,0
263A,0,0,0
2640,0,0,0
2641,0,0,0
2642,0,0,0
2643,0,0,0
2644,0,0,0
2645,0,0,0
2646,0,0,0
2647,0,0,0
2648,0,0,0
2649,0,0,0
264A,0,0,0
2652,0,0,0
2653,0,0,0
2654,0,0,0
2656,0,0,0
2659,0,0,0
265A,0,0,0
2664,0,0,0
2666,0,0,0
2667,0,0,0
2668,0,0,0
2669,0,0,0
266A,0,0,0
2670,0,0,0
2673,0,0,0
2674,0,0,0
2676,0,0,0
2678,1,1,0
267A,0,0,0
2681,0,0,0
2683,0,0,0
2685,0,0,0
2686,0,0,0
2687,0,0,0
2689,0,0,0
268A,0,0,0
2692,0,0,0
2693,0,0,0
2694,0,0,0
2695,0,0,0
2698,0,0,0
269A,0,0,0
2700,0,0,0
2702,0,0,0
2705,0,0,0
2708,0,0,0
271A,0,0,0
2721,0,0,0
2722,0,0,0
2726,0,0,0
2730,0,1,0
2733,0,1,0
2734,1,0,0
2735,0,0,0
2736,0,0,0
2737,0,0,0
273A,0,0,0
2742,0,1,0
2743,0,0,0
2747,0,0,0
2749,0,0,0
274A,0,0,0
2750,1,0,0
2751,0,0,0
2752,0,0,0
2753,0,0,0
2760,0,0,0
2762,0,0,0
2763,0,0,0
2764,0,0,0
2767,0,0,0
2768,1,1,0
2769,0,0,0
276A,0,0,0
2776,0,0,0
2778,0,0,0
277A,1,0,0
2780,0,0,0
2782,0,0,0
2784,0,0,0
2788,0,0,0
2789,0,0,0
278A,0,0,0
2790,0,0,0
2791,0,0,0
2792,0,0,0
2795,0,0,0
2796,0,0,0
2798,0,0,0
279A,0,0,0
2801,0,1,0
2802,0,1,0
2804,0,1,0
2805,0,0,0
2806,0,0,0
2809,0,1,0
280A,0,0,0
2810,0,1,0
2811,0,1,0
2813,0,0,0
2814,0,0,0
2815,0,0,0
2816,0,0,0
2818,0,0,0
2819,0,0,0
281A,1,0,0
2820,0,0,0
282A,0,0,0
2831,0,0,0
2836,0,0,0
2837,0,0,0
2838,0,0,0
2839,0,0,0
283A,0,0,0
2840,0,0,0
2841,0,0,0
2842,0,0,0
2843,0,0,0
2844,0,0,0
2845,0,0,0
2846,0,0,0
2847,0,0,0
2848,0,0,0
2849,0,0,0
284A,0,0,0
2851,0,0,0
2852,0,0,0
2853,0,0,0
2854,0,0,0
2855,0,0,0
2856,0,0,0
2857,0,0,0
2858,0,0,0
2859,0,0,0
285A,1,0,0
2860,0,0,0
2861,0,0,0
2862,0,0,0
2864,0,0,0
2865,0,0,0
2866,0,0,0
2867,0,0,0
2868,0,0,0
2869,0,0,0
286A,0,0,0
2870,0,0,0
2871,0,1,0
2872,0,0,0
2874,0,1,0
2875,0,0,0
2876,0,0,0
2877,0,0,0
287A,0,0,0
2882,0,0,0
2883,0,0,0
2884,0,0,0
288A,0,0,0
2892,0,0,0
2894,0,0,0
2897,1,0,0
2901,0,0,0
2903,0,0,0
2904,0,1,0
2907,0,0,0
2908,0,0,0
290A,0,0,0
2910,0,0,0
2911,0,0,0
2914,0,1,0
2915,0,1,0
2916,0,0,0
2917,0,0,0
2918,0,0,0
291A,0,0,0
2922,0,0,0
2923,0,0,0
2924,0,0,0
2926,0,0,0
2927,0,0,0
2929,0,1,0
292A,0,0,0
2930,0,0,0
2931,1,1,0
2932,0,0,0
2933,0,0,0
2934,0,0,0
2935,0,0,0
2936,0,0,0
2937,0,0,0
2938,0,0,0
293A,0,0,0
294A,0,0,0
295A,0,0,0
2961,0,0,0
2962,0,0,0
296A,0,0,0
2970,0,0,0
2971,0,0,0
2972,0,0,0
2975,0,0,0
2978,0,0,0
2979,0,0,0
297A,0,0,0
2980,0,0,0
2981,0,0,0
2982,0,0,0
2983,0,0,0
2984,0,0,0
2985,0,0,0
2986,0,0,0
2989,0,0,0
298A,0,0,0
2990,0,0,0
2991,0,0,0
2992,0,0,0
2993,0,0,0
2994,0,0,0
2995,0,0,0
2997,0,0,0
2998,0,0,0
2999,0,0,0
299A,0,0,0
3001,0,0,0
3002,0,1,0
3003,0,1,0
3004,0,0,0
300A,0,0,0
3010,0,0,0
3011,0,0,0
301A,0,0,0
3020,0,0,0
3021,0,0,0
3023,0,1,0
3024,0,0,0
3028,0,0,0
302A,0,0,0
3030,0,0,0
3031,0,0,0
3034,0,0,0
3035,0,0,0
3036,0,1,0
3038,0,0,0
303A,0,0,0
3040,0,0,0
3041,0,0,0
3042,0,0,0
3045,0,0,0
3046,0,0,0
3048,0,1,0
304A,0,0,0
3050,0,0,0
3053,0,0,0
3054,0,0,0
3058,0,0,0
3059,0,0,0
305A,0,0,0
3063,0,0,0
3064,0,0,0
3065,0,0,0
3067,0,0,0
3068,0,0,0
3069,0,0,0
3070,0,0,0
3071,0,0,0
3075,0,0,0
3076,0,0,0
3077,0,0,0
3079,0,0,0
307A,0,0,0
3080,0,0,0
3082,0,0,0
3083,0,0,0
3086,0,0,0
3087,0,0,0
3088,0,0,0
3089,0,0,0
308A,0,0,0
3091,0,0,0
3092,0,0,0
3093,0,0,0
3094,0,0,0
3096,0,0,0
3097,0,1,0
3099,0,0,0
309A,0,0,0
3101,1,1,0
3103,1,1,0
3104,0,0,0
3105,0,0,0
3106,0,1,0
3107,0,0,0
3109,0,1,0
310A,0,0,0
3110,0,1,0
3111,0,0,0
3113,0,0,0
3116,1,1,0
311A,0,0,0
3121,0,0,0
3123,0,0,0
312A,0,0,0
3131,0,0,0
3132,0,0,0
3133,0,0,0
3134,0,0,0
3135,0,0,0
3137,0,0,0
3138,0,0,0
3139,0,0,0
313A,0,0,0
3140,0,0,0
3143,0,0,0
3148,0,0,0
314A,0,0,0
3150,0,0,0
3151,0,0,0
3153,0,0,0
3154,0,0,0
3156,0,0,0
3157,0,0,0
3159,0,0,0
315A,0,0,0
3160,0,0,0
3161,0,0,0
3166,0,0,0
3167,0,0,0
3168,0,0,0
3169,0,0,0
316A,0,0,0
3172,0,0,0
3173,0,0,0
3174,0,0,0
3175,0,0,0
3176,0,1,0
3177,0,0,0
3178,0,0,0
3179,0,1,0
317A,0,0,0
3180,0,0,0
3181,0,0,0
3182,0,0,0
3183,0,0,0
3184,0,0,0
3185,0,0,0
3186,0,1,0
3187,0,0,0
3189,0,0,0
318A,0,0,0
3190,0,0,0
3191,0,1,0
3192,0,0,0
3193,0,0,0
3195,0,0,0
3196,0,0,0
3197,0,0,0
3198,0,0,0
3199,0,0,0
319A,0,0,0
3201,0,1,0
3202,0,0,0
3204,0,0,0
3205,0,0,0
320A,0,0,0
321A,0,0,0
3221,0,0,0
3222,0,0,0
3223,0,0,0
3224,0,0,0
3226,0,0,0
322A,0,0,0
3231,0,0,0
3232,0,0,0
3234,0,0,0
3236,0,0,0
3237,0,0,0
3238,0,0,0
323A,0,0,0
3241,0,0,0
3242,0,0,0
3245,0,0,0
3246,0,0,0
3248,0,0,0
3249,0,0,0
324A,0,0,0
3252,0,1,0
325A,0,0,0
3261,0,0,0
3266,0,0,0
3267,0,0,0
3269,0,0,0
326A,0,0,0
3271,0,0,0
3276,0,0,0
3277,0,0,0
3279,0,0,0
3280,0,0,0
3281,0,0,0
3282,0,0,0
3283,0,0,0
3284,0,0,0
3286,0,0,0
3287,0,0,0
3288,0,0,0
3289,1,0,0
328A,0,0,0
3290,0,0,0
3291,0,0,0
3292,0,0,0
3293,0,0,0
3294,0,0,0
3295,0,0,0
3296,0,0,0
3297,0,0,0
3299,0,1,0
329A,0,0,0
3300,0,0,0
3302,0,0,0
3306,0,0,0
3309,0,0,0
330A,0,0,0
3315,0,0,0
3317,0,0,0
331A,0,0,0
3320,0,0,0
3321,0,0,0
3323,0,0,0
3326,0,0,0
3329,0,0,0
332A,0,0,0
3333,0,1,0
333A,0,0,0
3341,0,1,0
3349,0,0,0
334A,0,0,0
3350,0,0,0
3352,0,0,0
3353,0,0,0
3355,0,0,0
3358,0,0,0
3359,0,0,0
335A,0,1,0
3360,0,0,0
3361,0,0,0
336A,0,0,0
3370,0,0,0
3371,0,0,0
3372,0,0,0
3374,0,0,0
3375,0,0,0
3377,0,0,0
3382,1,0,0
3386,0,0,0
3387,0,0,0
3388,0,0,0
338A,0,0,0
3391,0,0,0
3392,0,0,0
3393,0,0,0
3395,0,0,0
3396,0,0,0
3397,0,0,0
3399,0,0,0
339A,0,0,0
3401,1,0,0
3402,1,1,0
3405,1,1,0
3407,1,1,0
3409,0,0,0
340A,0,0,0
3415,0,0,0
3416,0,0,0
3417,0,0,0
3418,0,0,0
341A,0,0,0
3420,0,0,0
3421,0,0,0
3422,0,0,0
3423,0,0,0
3426,0,0,0
3431,0,0,0
3433,0,1,0
3434,0,0,0
3435,0,0,0
3436,0,0,0
3437,0,0,0
3439,0,0,0
343A,0,0,0
3440,0,0,0
3441,0,0,0
3443,0,1,0
3444,0,0,0
3445,0,0,0
3446,0,0,0
3447,0,0,0
3448,0,0,0
3449,0,0,0
3450,0,0,0
3451,0,0,0
3452,0,1,0
3454,0,0,0
3455,0,0,0
3457,0,0,0
3459,0,0,0
345A,0,0,0
3461,0,0,0
3462,0,0,0
3463,0,0,0
3465,0,0,0
3466,0,0,0
3467,0,0,0
3468,0,0,0
3469,0,0,0
346A,0,0,0
3470,0,0,0
3471,0,0,0
3472,0,0,0
3474,0,0,0
3475,0,0,0
3476,0,0,0
3477,0,0,0
3479,0,0,0
347A,0,0,0
3480,0,0,0
3481,0,0,0
3482,0,0,0
3483,0,0,0
3484,0,0,0
3486,0,0,0
3487,0,0,0
3488,0,0,0
3489,0,0,0
348A,0,0,0
3490,0,0,0
3491,0,0,0
3492,0,0,0
3494,0,0,0
3495,0,0,0
3496,0,0,0
3498,0,0,0
349A,0,0,0
3501,0,0,0
350A,1,0,0
3512,0,0,0
3513,0,0,0
351A,0,0,0
3521,0,0,0
3524,0,0,0
3526,0,0,0
3529,0,1,0
352A,0,0,0
3536,0,0,0
3537,0,0,0
3538,0,0,0
3539,0,0,0
3540,0,0,0
3541,0,0,0
3542,0,0,0
3543,0,0,0
3544,0,0,0
3546,0,0,0
3547,0,0,0
3548,0,1,0
3549,0,0,0
354A,0,0,0
3550,0,0,0
3551,0,1,0
3553,0,0,0
3556,0,0,0
3557,0,0,0
3558,0,0,0
3559,0,1,0
355A,0,0,0
3560,0,0,0
3561,0,0,0
3562,0,0,0
3563,0,0,0
3565,0,0,0
3566,0,0,0
3569,0,0,0
356A,0,0,0
3571,0,0,0
3577,0,0,0
357A,0,0,0
3580,0,0,0
3583,0,0,0
358A,0,0,0
3591,0,0,0
3593,0,0,0
3597,0,0,0
3598,0,0,0
359A,0,0,0
3600,0,0,0
3607,0,0,0
3608,0,0,0
360A,0,0,0
3611,0,0,0
3612,0,1,0
361A,0,0,0
3622,0,0,0
3623,0,0,0
3624,0,0,0
3625,0,0,0
3626,0,0,0
3627,0,0,0
3628,0,0,0
362A,0,0,0
3632,0,0,0
3633,0,0,0
3634,0,0,0
3635,0,0,0
3636,1,1,0
3639,0,0,0
363A,0,0,0
3640,0,0,0
3641,0,0,0
3645,0,0,0
3646,0,0,0
3647,0,0,0
3648,0,0,0
3649,0,1,0
364A,0,0,0
3652,0,0,0
3653,0,0,0
3655,0,0,0
3656,0,0,0
3657,0,0,0
3659,0,0,0
365A,0,0,0
3660,0,1,0
3661,0,0,0
3662,0,0,0
3663,0,0,0
3664,0,0,0
3665,0,0,0
3667,0,0,0
3668,0,1,0
366A,0,0,0
3670,0,0,0
3671,0,0,0
3672,0,0,0
3673,0,0,0
3674,0,0,0
3675,0,0,0
3676,0,0,0
3678,0,0,0
3679,0,0,0
367A,0,0,0
3680,0,0,0
3681,0,0,0
3682,0,0,0
3683,0,0,0
3686,0,0,0
3687,0,0,0
3688,0,0,0
368A,0,0,0
3690,0,0,0
3691,0,0,0
3692,0,0,0
3694,0,0,0
3695,0,0,0
3696,0,1,0
3697,0,0,0
3698,0,0,0
369A,0,0,0
3708,0,1,0
370A,0,0,0
3710,0,0,0
3712,0,0,0
3719,0,0,0
371A,0,0,0
3723,0,0,0
3726,0,0,0
3727,0,0,0
372A,0,0,0
3733,0,0,0
373A,0,0,0
3741,0,0,0
3744,0,0,0
3747,0,0,0
374A,0,0,0
3750,0,0,0
3753,0,0,0
3758,0,0,0
375A,0,0,0
3760,0,0,0
3762,0,0,0
3763,0,0,0
3765,0,0,0
3766,0,0,0
3768,0,0,0
3769,0,0,0
376A,0,0,0
3771,0,0,0
3772,0,0,0
3773,0,0,0
3774,0,0,0
3776,0,0,0
3777,0,0,0
3778,0,1,0
3779,0,0,0
3787,0,0,0
3788,0,0,0
378A,0,0,0
3791,0,0,0
3793,0,0,0
3796,0,1,0
3798,0,0,0
3799,0,0,0
379A,0,0,0
3800,0,0,0
3802,0,0,0
3803,0,0,0
3804,0,0,0
3807,0,0,0
380A,0,0,0
3810,0,0,0
3815,0,0,0
3816,0,0,0
3817,0,0,0
381A,0,0,0
3823,0,0,0
3825,0,0,0
3826,0,0,0
382A,0,0,0
3834,0,0,0
3835,0,0,0
3836,0,0,0
3837,0,1,0
3839,0,0,0
383A,0,0,0
3840,0,0,0
3841,0,0,0
3842,0,0,0
3843,0,0,0
3844,0,0,0
3845,0,0,0
3848,0,0,0
3850,0,0,0
3851,0,0,0
3853,0,0,0
3854,0,1,0
3856,0,0,0
3858,0,0,0
385A,0,0,0
3861,1,0,0
3863,1,1,0
3864,1,1,0
3865,1,1,0
386A,0,0,0
3877,1,1,0
3878,0,0,0
387A,0,0,0
3880,1,1,0
3891,0,0,0
3892,0,0,0
3895,0,0,0
3896,0,0,0
389A,0,0,0
3900,0,0,0
3901,0,0,0
3902,0,0,0
3903,0,0,0
3904,0,0,0
3905,0,0,0
3907,0,0,0
3908,0,0,0
3909,0,0,0
3910,0,0,0
3911,0,0,0
3912,0,0,0
3913,0,0,0
3914,0,0,0
3915,0,0,0
3916,0,0,0
3917,0,0,0
3918,0,0,0
3920,0,0,0
3921,0,1,0
3922,0,0,0
3923,0,0,0
3924,0,0,0
3925,0,0,0
3926,0,0,0
3927,0,0,0
3928,0,0,0
3929,0,0,0
392A,0,0,0
3930,0,0,0
3931,0,0,0
3932,0,0,0
3933,0,0,0
3934,0,0,0
3935,0,0,0
3936,1,0,0
3937,0,0,0
3939,0,0,0
393A,0,0,0
3940,0,0,0
3941,1,1,0
3943,0,0,0
3944,0,0,0
3945,0,0,0
3946,0,1,0
3947,0,0,0
3948,0,0,0
394A,0,0,0
3950,0,0,0
3951,0,0,0
3953,0,0,0
3954,0,0,0
3955,0,0,0
3958,0,0,0
395A,0,0,0
3961,0,0,0
3962,0,0,0
3963,0,0,0
3964,1,1,0
3965,0,0,0
3967,0,0,0
3968,0,0,0
3969,0,0,0
396A,0,0,0
3970,0,0,0
3974,0,0,0
3976,0,0,0
3979,0,0,0
3981,0,0,0
3983,0,1,0
3984,0,0,0
3985,0,0,0
3986,0,0,0
3987,0,0,0
3988,0,0,0
3989,0,0,0
398A,0,0,0
3991,0,0,0
3992,0,1,0
3993,0,0,0
3994,0,1,0
3996,0,0,0
3997,0,0,0
3998,0,0,0
399A,0,0,0
4004,1,0,0
4005,1,1,0
4008,1,1,0
4011,1,1,0
4012,0,0,0
4013,0,0,0
4014,0,0,0
4015,0,0,0
4016,0,0,0
4017,0,0,0
4019,0,0,0
401A,0,0,0
4020,0,0,0
4021,1,1,0
4022,0,1,0
4023,0,1,0
4025,0,0,0
4026,0,0,0
4027,0,1,0
4028,0,1,0
402A,0,0,0
4031,0,0,0
403A,0,0,0
4040,0,0,0
4041,0,1,0
4042,1,1,0
4043,1,1,0
4044,1,0,0
4045,1,1,0
4046,1,0,0
4047,0,1,0
404A,0,0,0
4051,0,0,0
4052,0,0,0
4053,0,0,0
4054,0,0,0
4055,0,0,0
4056,0,0,0
4057,0,0,0
4058,0,0,0
4059,0,0,0
405A,0,0,0
4060,0,0,0
4061,1,1,0
4062,0,1,0
4063,0,1,0
4064,0,0,0
4068,0,0,0
4069,0,0,0
406A,0,0,0
4071,0,0,0
4072,0,0,0
4073,0,0,0
4074,0,0,0
4075,0,0,0
4076,0,0,0
4078,1,1,0
407A,0,0,0
4080,0,0,0
4082,1,0,0
4088,1,0,0
408A,0,0,0
4091,0,0,0
4092,0,1,0
4093,0,0,0
4094,0,0,0
4095,0,0,0
4097,0,0,0
4098,0,1,0
4099,1,0,0
409A,0,0,0
4100,0,1,0
4102,0,0,0
4107,0,0,0
4109,0,0,0
410A,0,0,0
4112,0,1,0
4113,0,0,0
4114,1,1,0
4116,0,1,0
4118,1,1,0
4119,0,0,0
411A,0,0,0
4120,0,0,0
4124,0,0,0
4125,0,0,0
412A,0,0,0
413A,0,0,0
414A,0,0,0
4151,0,1,0
415A,0,0,0
4165,0,0,0
4166,0,0,0
4167,0,0,0
4168,0,0,0
4169,0,0,0
416A,0,0,0
4170,0,0,0
4171,0,0,0
4172,0,0,0
4174,0,0,0
4175,0,0,0
4176,0,0,0
4177,0,0,0
4178,0,0,0
4179,0,0,0
417A,0,0,0
4180,0,0,0
4182,0,0,0
4183,1,1,0
4186,0,1,0
4187,0,0,0
4188,1,0,0
4189,0,0,0
4192,0,0,0
4193,0,0,0
4194,0,0,0
4196,0,0,0
4197,0,0,0
4198,0,0,0
4199,0,0,0
419A,0,0,0
4202,1,1,0
4203,1,1,0
4204,1,1,0
4205,1,1,0
4206,0,1,0
4208,0,0,0
4212,0,1,0
4216,0,0,0
4218,0,0,0
421A,0,0,0
4220,0,1,0
4221,1,1,0
4222,0,0,0
4224,0,0,0
4228,0,1,0
4229,0,1,0
422A,0,0,0
4231,0,0,0
4234,0,0,0
4235,0,0,0
4237,0,0,0
4238,0,0,0
423A,0,0,0
4240,0,0,0
4241,0,0,0
4242,0,0,0
4243,0,0,0
4245,0,0,0
4246,0,0,0
4247,0,0,0
4248,0,0,0
4249,0,1,0
424A,0,0,0
4251,0,1,0
4255,0,0,0
4256,0,0,0
4258,0,0,0
4259,0,0,0
425A,0,0,0
4260,0,0,0
4261,0,0,0
4262,0,0,0
4263,0,0,0
4264,0,0,0
4265,0,0,0
426A,0,0,0
4270,0,0,0
4272,0,1,0
4274,0,0,0
4275,0,1,0
4284,0,0,0
4286,0,0,0
4287,0,0,0
4288,0,0,0
428A,0,0,0
4290,0,0,0
4293,0,0,0
4299,0,1,0
429A,0,0,0
4301,0,0,0
4307,1,1,0
4308,0,0,0
430A,0,0,0
4310,1,1,0
4316,0,0,0
4317,0,0,0
4318,0,0,0
4319,0,0,0
431A,0,0,0
4320,0,0,0
4323,0,0,0
4324,0,1,0
4326,0,0,0
432A,0,0,0
4331,0,0,0
4333,0,1,0
4334,0,0,0
4335,0,0,0
4337,0,0,0
433A,0,0,0
4341,0,0,0
4343,0,1,0
4344,0,1,0
4345,0,0,0
4346,0,0,0
4347,0,0,0
434A,0,0,0
4350,0,0,0
4351,0,0,0
4356,0,0,0
435A,0,0,0
4360,0,0,0
4361,0,0,0
4362,0,1,0
4365,0,0,0
4366,0,0,0
4367,0,0,0
4368,0,1,0
4369,0,0,0
436A,0,0,0
4370,0,0,0
4371,0,0,0
4372,0,0,0
4373,0,0,0
4374,0,0,0
4375,0,0,0
4376,0,0,0
4377,0,0,0
4378,0,0,0
4379,0,0,0
437A,0,0,0
4380,0,0,0
4381,0,0,0
4382,0,0,0
4384,0,1,0
4385,1,1,0
4386,0,0,0
4387,0,0,0
4388,0,0,0
4389,0,1,0
438A,0,0,0
4390,0,0,0
4391,0,0,0
4392,0,0,0
4393,0,0,0
4394,0,0,0
4395,0,0,0
4396,0,0,0
4397,0,0,0
4398,0,0,0
439A,0,0,0
4401,0,0,0
4403,1,1,0
4404,0,0,0
4406,0,0,0
4409,0,0,0
4410,1,1,0
4412,0,0,0
4413,0,0,0
4414,0,0,0
4415,0,0,0
4416,0,0,0
4417,0,0,0
4418,0,0,0
4419,0,0,0
441A,0,0,0
4420,0,0,0
4421,0,0,0
4422,0,0,0
4424,0,0,0
4425,0,0,0
4426,0,0,0
4427,0,0,0
4428,0,0,0
4429,0,0,0
442A,0,0,0
4430,0,0,0
4431,0,0,0
4432,0,0,0
4433,0,0,0
4434,0,0,0
4436,0,0,0
4437,0,0,0
4438,0,0,0
4439,0,0,0
443A,0,0,0
4440,0,0,0
4441,0,0,0
4442,0,0,0
4443,0,0,0
4444,0,0,0
4445,0,0,0
4446,0,0,0
4447,0,0,0
4448,0,0,0
4449,0,0,0
444A,0,0,0
4450,0,0,0
4452,0,1,0
445A,0,0,0
4461,0,1,0
4462,1,0,0
4463,0,0,0
4464,0,0,0
4465,0,0,0
446A,0,0,0
4471,1,1,0
4475,0,0,0
4476,0,0,0
4477,0,0,0
4478,0,0,0
4479,0,0,0
447A,0,0,0
4480,0,0,0
4481,0,0,0
4482,0,0,0
4483,0,0,0
4484,0,0,0
4486,0,0,0
4487,0,0,0
4488,0,0,0
448A,0,0,0
4490,0,0,0
4491,0,0,0
4492,0,0,0
4493,0,0,0
4494,0,0,0
4495,0,0,0
4496,0,0,0
4498,0,0,0
4499,0,0,0
449A,0,0,0
4502,0,1,0
4503,0,1,0
4506,0,0,0
4507,0,1,0
450A,0,0,0
4512,0,0,0
4516,0,1,0
4519,0,1,0
451A,0,0,0
4521,0,1,0
4523,0,1,0
4524,0,0,0
4526,0,1,0
4527,0,1,0
4528,1,1,0
452A,0,0,0
4530,0,1,0
4531,0,0,0
4534,0,1,0
4536,0,1,0
4538,0,0,0
4539,0,0,0
453A,0,0,0
4540,0,1,0
4543,0,1,0
4544,0,0,0
4547,0,1,0
4548,0,0,0
4549,0,1,0
4552,0,0,0
4553,0,1,0
4554,0,0,0
4556,0,0,0
4558,0,0,0
4559,0,0,0
455A,0,0,0
4563,0,0,0
4564,0,0,0
4565,0,0,0
4568,1,1,0
4569,0,0,0
456A,0,0,0
4570,0,0,0
4571,0,0,0
4572,0,0,0
4574,0,0,0
4575,0,0,0
4576,0,0,0
4577,0,0,0
4578,1,0,0
4579,0,0,0
457A,0,0,0
4582,0,0,0
4583,0,0,0
4584,0,0,0
4586,0,0,0
4587,0,1,0
4588,0,0,0
458A,0,0,0
4591,0,0,0
4592,0,0,0
4593,0,0,0
4594,0,0,0
4595,0,0,0
4596,0,0,0
4597,0,0,0
4598,0,0,0
4599,0,0,0
459A,0,0,0
4611,0,0,0
4612,0,0,0
4613,0,1,0
4615,0,0,0
4616,0,0,0
4617,0,1,0
4619,0,0,0
461A,0,0,0
4620,0,1,0
4623,0,0,0
4624,0,0,0
4625,0,0,0
4626,0,0,0
4627,0,0,0
4628,0,0,0
4629,0,0,0
4631,0,0,0
4633,1,1,0
4634,0,0,0
4635,0,0,0
4641,0,0,0
4642,0,0,0
4644,0,0,0
4645,0,0,0
4650,0,0,0
4651,0,0,0
4657,0,0,0
4658,0,0,0
4659,0,0,0
465A,0,0,0
4661,0,1,0
4662,0,0,0
4664,0,0,0
4665,0,1,0
4666,0,0,0
4667,0,0,0
4668,0,1,0
466A,0,0,0
4671,0,0,0
4673,0,0,0
4674,0,0,0
4676,0,0,0
4678,0,0,0
4679,0,0,0
467A,0,0,0
4680,0,1,0
4681,0,1,0
4684,0,1,0
4685,0,0,0
4686,0,0,0
4687,0,0,0
4689,0,0,0
468A,0,0,0
4690,0,0,0
4691,0,0,0
4694,0,0,0
4704,0,0,0
4705,0,0,0
4707,0,0,0
4709,0,0,0
4712,0,0,0
4714,0,0,0
4716,0,0,0
4718,0,0,0
4719,0,0,0
4720,0,0,0
4722,1,0,0
4725,0,0,0
4728,0,0,0
4732,0,0,0
4733,0,0,0
4735,0,0,0
4736,0,0,0
4743,0,0,0
4745,0,1,0
4746,0,0,0
4750,0,0,0
4751,0,0,0
4752,0,0,0
4754,0,0,0
4755,0,0,0
4760,0,0,0
4761,0,0,0
4762,0,0,0
4763,0,0,0
4765,0,0,0
4766,0,0,0
4767,0,0,0
4768,0,1,0
4769,0,0,0
4771,0,0,0
4772,0,0,0
4776,0,0,0
4777,0,0,0
4783,0,0,0
4784,0,0,0
4792,0,0,0
4800,0,0,0
4801,0,0,0
4809,0,0,0
4811,0,0,0
4812,0,0,0
4813,0,0,0
4814,0,0,0
4816,0,0,0
4819,0,0,0
4820,0,0,0
4825,0,1,0
4826,0,0,0
4828,0,0,0
4829,0,0,0
4832,0,0,0
4833,0,0,0
4838,0,0,0
4839,0,0,0
4840,0,0,0
4845,0,1,0
4847,0,0,0
4848,0,0,0
4849,0,0,0
4875,0,0,0
4880,0,0,0
4881,0,0,0
4882,0,0,0
4883,0,0,0
4884,0,0,0
4885,0,0,0
4886,0,0,0
4887,0,0,0
4888,0,0,0
4889,0,0,0
4890,0,0,0
4891,0,0,0
4892,0,0,0
4893,0,0,0
4894,0,0,0
4896,0,0,0
4901,1,0,0
4902,1,1,0
4911,0,1,0
4912,1,1,0
4914,0,1,0
4917,0,1,0
4918,0,0,0
4919,0,1,0
4920,0,0,0
4922,0,1,0
4923,0,0,0
4925,0,0,0
4926,0,0,0
4927,0,0,0
4928,0,0,0
4929,0,0,0
4931,0,1,0
4932,0,0,0
4933,0,0,0
4934,0,0,0
4935,0,0,0
4936,0,0,0
4937,0,0,0
4951,0,1,0
4956,0,0,0
4957,0,0,0
4958,0,1,0
4960,0,0,0
4966,0,1,0
4967,1,1,0
4968,0,1,0
4970,0,0,0
4971,0,1,0
4972,0,0,0
4973,0,0,0
4974,0,1,0
4975,0,0,0
4976,0,0,0
4977,0,1,0
4978,0,0,0
4979,0,0,0
4980,0,1,0
4985,0,1,0
4990,0,0,0
4992,0,0,0
4994,0,0,0
4996,0,1,0
4997,0,1,0
4998,0,0,0
5010,0,0,0
5011,0,0,0
5013,0,0,0
5015,0,0,0
5016,0,0,0
5017,1,1,0
5018,0,0,0
5019,1,1,0
5020,0,0,0
5021,1,0,0
5022,0,0,0
5025,0,0,0
5026,0,0,0
5027,0,0,0
5028,0,0,0
5029,0,0,0
5031,0,0,0
5032,0,0,0
5033,0,0,0
5034,0,0,0
5035,0,0,0
5036,0,0,0
5037,0,0,0
5038,0,0,0
5070,0,0,0
5071,0,0,0
5072,0,0,0
5074,0,0,0
5076,1,0,0
50765,0,0,0
5077,0,0,0
5078,0,0,0
5079,0,0,0
5101,0,1,0
5103,0,0,0
5105,0,0,0
5108,1,1,0
5110,1,1,0
5121,0,0,0
5122,0,0,0
5125,0,0,0
5126,0,0,0
5129,0,0,0
5130,0,0,0
5131,0,0,0
5132,0,0,0
5133,0,0,0
5134,0,0,0
5135,0,0,0
5136,0,0,0
5137,0,0,0
5138,0,0,0
5139,0,0,0
5142,0,1,0
5161,0,0,0
5162,0,0,0
5184,0,0,0
5185,0,1,0
5186,0,1,0
5187,0,0,0
5189,0,0,0
5191,0,1,0
5192,0,1,0
5194,0,0,0
5195,0,1,0
5199,0,0,0
5201,0,0,0
5202,1,1,0
5204,1,0,0
5208,0,1,0
5210,0,0,0
5214,0,1,0
5216,0,0,0
5218,0,0,0
5232,1,1,0
5233,1,1,0
5237,0,0,0
5240,0,0,0
5242,0,0,0
5243,0,0,0
5244,0,0,0
5246,0,0,0
5247,0,0,0
5248,0,0,0
5249,0,0,0
5250,0,0,0
5251,0,0,0
5252,0,0,0
5253,0,0,0
5254,0,0,0
5255,0,0,0
5256,0,0,0
5257,0,0,0
5258,0,0,0
5259,0,0,0
5261,0,0,0
5262,0,0,0
5268,0,0,0
5269,0,0,0
5271,0,0,0
5273,0,0,0
5279,0,0,0
5280,0,0,0
5282,0,0,0
5283,0,0,0
5284,0,0,0
5285,0,0,0
5287,0,0,0
5288,0,0,0
5290,0,0,0
5301,0,1,0
5302,0,0,0
5304,0,0,0
5310,0,1,0
5331,1,0,0
5332,1,0,0
5333,0,0,0
5334,1,1,0
5337,0,0,0
5341,0,0,0
5344,0,0,0
5351,0,0,0
5352,0,1,0
5355,0,0,0
5356,0,0,0
5357,0,1,0
5363,0,0,0
5367,0,0,0
5368,0,0,0
5380,0,0,0
5381,0,0,0
5384,0,0,0
5386,0,0,0
5388,0,0,0
5391,0,0,0
5393,0,1,0
5401,1,1,0
5406,1,1,0
5408,1,1,0
5410,1,0,0
5411,0,0,0
5423,0,1,0
5440,1,1,0
5444,0,1,0
5445,0,0,0
5446,0,0,0
5449,0,0,0
5451,0,0,0
5458,0,0,0
5461,1,1,0
5463,0,1,0
5464,0,0,0
5471,1,1,0
5476,0,0,0
5480,1,1,0
5482,1,1,0
5484,0,0,0
5491,0,0,0
5525,0,0,0
5527,0,0,0
5528,0,0,0
5531,0,0,0
5532,0,0,0
5533,0,0,0
5534,0,0,0
5535,0,0,0
5536,0,0,0
5537,0,0,0
5541,0,1,0
5542,0,0,0
5563,1,1,0
5570,0,0,0
5571,0,0,0
5572,0,0,0
5573,0,0,0
5574,0,0,0
5575,0,0,0
5576,0,0,0
5578,0,0,0
5580,0,0,0
5581,0,0,0
5582,0,0,0
5584,0,0,0
5586,0,0,0
5587,0,0,0
5588,0,1,0
5589,0,0,0
5590,0,0,0
5591,0,0,0
5592,0,0,0
5594,0,0,0
5596,0,0,0
5597,0,0,0
5598,0,0,0
5599,0,0,0
5602,0,1,0
5603,0,0,0
5609,0,0,0
5612,0,0,0
5616,0,0,0
5617,0,0,0
5618,0,0,0
5619,0,0,0
5620,0,0,0
5621,0,0,0
5622,0,0,0
5631,0,1,0
5632,1,1,0
5644,0,0,0
5658,0,0,0
5659,0,1,0
5660,0,0,0
5695,0,0,0
5697,0,0,0
5698,1,0,0
5699,1,0,0
5702,0,1,0
5703,1,0,0
5704,0,0,0
5706,1,0,0
5707,0,1,0
5711,1,1,0
5713,1,1,0
5714,0,0,0
5715,0,1,0
5721,0,0,0
5724,0,0,0
5726,1,1,0
5727,1,0,0
5729,0,0,0
5741,1,0,0
5742,0,0,0
5753,0,0,0
5757,0,0,0
5801,1,1,0
5802,1,1,0
5803,1,1,0
5805,0,0,0
5816,0,0,0
5817,0,0,0
5819,0,0,0
5820,0,0,0
5821,0,0,0
5830,0,0,0
5831,1,1,0
5832,1,1,0
5834,0,0,0
5838,0,1,0
5840,0,0,0
5842,0,0,0
5843,0,0,0
5844,1,0,0
5845,0,0,0
5851,0,1,0
5852,1,1,0
5856,0,0,0
5857,0,0,0
5858,0,0,0
5866,0,0,0
5867,0,0,0
5868,0,0,0
5869,0,0,0
5870,0,0,0
5871,0,0,0
5883,0,0,0
5884,1,0,0
5885,0,0,0
5886,0,0,0
5887,0,0,0
5888,0,0,0
5889,0,0,0
5890,0,0,0
5891,0,0,0
5892,0,0,0
5893,0,0,0
5900,0,0,0
5901,0,0,0
5902,0,0,0
5903,0,0,0
5905,0,0,0
5906,0,0,0
5909,1,1,0
5911,0,0,0
5915,1,1,0
5918,0,0,0
5921,0,0,0
5922,0,0,0
5923,0,0,0
5928,0,0,0
5929,0,0,0
5930,0,1,0
5932,1,1,0
5933,0,0,0
5936,0,0,0
5938,0,0,0
5939,0,0,0
5940,1,1,0
5941,0,0,0
5942,0,0,0
5943,1,1,0
5945,0,0,0
5946,1,0,0
5947,1,1,0
5949,0,1,0
5950,0,0,0
5951,0,0,0
5952,0,0,0
5955,0,0,0
5956,0,0,0
5957,0,1,0
5958,0,0,0
5959,0,1,0
5962,0,0,0
5965,0,0,0
5966,0,0,0
5967,0,0,0
5969,0,0,0
5970,0,0,0
5971,0,0,0
5973,0,0,0
5974,0,0,0
5975,0,1,0
5976,0,0,0
5981,0,1,0
5982,0,0,0
5983,0,0,0
5984,0,0,0
5985,0,1,0
5986,0,0,0
5987,0,0,0
5988,0,1,0
5989,0,0,0
5990,0,0,0
5991,0,0,0
5992,0,0,0
5994,0,0,0
5997,0,0,0
5998,0,0,0
6005,1,1,0
6013,0,1,0
6016,0,0,0
6018,0,0,0
6022,0,0,0
6023,0,0,0
6027,0,0,0
6028,0,0,0
6029,0,0,0
6030,0,0,0
6031,0,0,0
6033,0,0,0
6034,0,0,0
6035,0,0,0
6036,0,0,0
6037,0,0,0
6038,0,0,0
6039,0,0,0
6040,0,0,0
6042,0,0,0
6044,0,0,0
6045,0,0,0
6046,0,0,0
6047,0,0,0
6049,0,0,0
6050,0,0,0
6054,0,0,0
6055,0,0,0
6058,0,1,0
6059,0,0,0
6060,0,0,0
6061,0,0,0
6062,0,0,0
6063,0,0,0
6069,0,0,0
6070,0,0,0
6071,0,0,0
6072,0,0,0
6073,0,0,0
6074,0,0,0
6078,0,0,0
6080,0,0,0
6081,0,0,0
6082,0,0,0
6083,0,0,0
6085,0,0,0
6086,0,0,0
6087,0,0,0
6088,0,0,0
6089,0,1,0
6090,0,0,0
6091,0,0,0
6092,0,0,0
6093,0,0,0
6094,0,0,0
6096,0,0,0
6098,0,0,0
6099,0,0,0
6101,0,1,0
6103,0,1,0
6104,0,1,0
6113,1,1,0
6118,0,0,0
6125,0,0,0
6134,0,0,0
6135,0,1,0
6136,1,1,0
6137,0,0,0
6138,0,0,0
6140,0,0,0
6141,0,0,0
6143,0,1,0
6144,0,0,0
6145,0,0,0
6146,0,1,0
6147,0,0,0
6149,0,0,0
6150,0,0,0
6151,0,0,0
6155,0,0,0
6156,0,0,0
6157,0,0,0
6158,0,0,0
6159,0,0,0
6161,0,1,0
6165,0,0,0
6166,0,0,0
6167,0,1,0
6168,0,0,0
6171,0,0,0
6173,0,0,0
6174,0,0,0
6176,0,0,0
6177,0,0,0
6178,1,1,0
6180,0,0,0
6181,0,0,0
6182,0,0,0
6183,0,0,0
6184,0,0,0
6185,0,0,0
6186,0,0,0
6189,0,0,0
6190,0,0,0
6191,0,0,0
6193,0,0,0
6194,0,1,0
6195,0,0,0
6196,0,0,0
6197,0,1,0
6198,0,0,0
6199,0,0,0
6200,0,1,0
6201,1,1,0
6203,0,0,0
6208,0,0,0
6209,0,0,0
6210,0,0,0
6217,0,0,0
6218,0,0,0
6222,0,1,0
6223,1,0,0
6224,0,0,0
6226,0,0,0
6227,0,0,0
6228,0,0,0
6229,0,0,0
6230,0,0,0
6231,1,0,0
6232,0,0,0
6233,0,0,0
6235,0,1,0
6237,0,0,0
6238,0,0,0
6239,0,0,0
6240,0,1,0
6245,0,0,0
6246,0,0,0
6247,0,1,0
6248,0,0,0
6249,0,0,0
6250,0,1,0
6254,0,0,0
6255,0,0,0
6257,0,0,0
6258,0,1,0
6262,0,0,0
6264,0,1,0
6265,0,0,0
6266,0,0,0
6267,0,0,0
6268,0,1,0
6269,0,1,0
6272,0,0,0
6273,0,0,0
6276,0,0,0
6277,0,0,0
6278,0,1,0
6279,0,0,0
6282,0,1,0
6284,0,0,0
6286,0,0,0
6287,0,1,0
6289,0,1,0
6291,0,1,0
6292,0,0,0
6293,0,0,0
6294,0,1,0
6298,0,0,0
6301,0,1,0
6302,0,1,0
6305,1,1,0
6306,0,1,0
6307,0,0,0
6309,0,0,0
6310,0,1,0
6312,0,0,0
6315,0,0,0
6316,0,0,0
6317,0,1,0
6322,0,0,0
6323,0,0,0
6324,0,0,0
6325,0,0,0
6326,1,1,0
6327,0,0,0
6328,0,1,0
6330,1,1,0
6331,0,1,0
6332,0,0,0
6333,0,1,0
6334,0,0,0
6335,0,0,0
6336,0,0,0
6337,0,0,0
6338,0,0,0
6339,0,1,0
6340,0,1,0
6342,0,0,0
6343,0,0,0
6345,0,0,0
6346,0,0,0
6347,0,0,0
6349,0,1,0
6351,0,1,0
6356,0,0,0
6357,0,0,0
6358,1,0,0
6360,0,0,0
6361,1,1,0
6363,1,1,0
6364,0,0,0
6365,0,0,0
6366,1,1,0
6367,1,1,0
6368,0,0,0
6369,1,1,0
6370,1,1,0
6371,0,1,0
6373,0,0,0
6376,0,0,0
6378,0,0,0
6379,0,0,0
6380,0,0,0
6381,0,1,0
6382,0,0,0
6383,1,1,0
6384,0,0,0
6387,0,0,0
6390,0,1,0
6391,0,0,0
6392,0,0,0
6393,0,0,0
6395,0,1,0
6396,0,0,0
6400,0,0,0
6402,0,0,0
6403,0,0,0
6405,0,0,0
6406,0,1,0
6407,0,0,0
6408,0,0,0
6412,0,0,0
6413,0,0,0
6417,0,0,0
6418,0,0,0
6419,0,0,0
6420,0,0,0
6424,0,0,0
6425,0,0,0
6428,0,0,0
6430,0,1,0
6432,0,1,0
6433,0,0,0
6436,1,1,0
6440,0,0,0
6444,0,1,0
6445,0,0,0
6448,0,1,0
6454,0,1,0
6455,0,0,0
6457,0,1,0
6458,0,1,0
6459,0,0,0
6460,0,0,0
6463,0,0,0
6464,0,0,0
6465,0,1,0
6466,0,0,0
6467,0,0,0
6469,0,0,0
6470,0,1,0
6471,1,1,0
6472,0,0,0
6473,1,1,0
6474,0,0,0
6479,0,1,0
6480,0,1,0
6481,0,0,0
6482,0,0,0
6484,0,0,0
6485,0,1,0
6486,0,0,0
6488,0,0,0
6489,0,0,0
6490,0,0,0
6492,0,0,0
6493,0,0,0
6494,0,0,0
6495,0,0,0
6496,0,0,0
6497,0,0,0
6498,1,1,0
6501,1,1,0
6503,1,1,0
6504,1,1,0
6505,0,1,0
6506,0,1,0
6507,1,0,0
6508,1,1,0
6513,0,0,0
6516,0,0,0
6517,0,0,0
6518,0,0,0
6521,1,0,0
6522,0,0,0
6523,0,0,0
6524,0,0,0
6525,0,0,0
6526,0,0,0
6527,0,0,0
6532,1,0,0
6533,0,0,0
6535,0,1,0
6537,0,0,0
6538,0,0,0
6539,0,0,0
6540,0,0,0
6542,0,0,0
6543,0,0,0
6544,0,0,0
6545,0,0,0
6546,0,0,0
6547,0,0,0
6548,0,0,0
6549,0,0,0
6551,0,0,0
6552,0,0,0
6554,0,0,0
6555,0,0,0
6557,0,0,0
6558,0,0,0
6560,0,0,0
6561,0,0,0
6562,0,0,0
6563,0,0,0
6564,0,0,0
6565,0,0,0
6566,0,0,0
6568,0,0,0
6570,0,0,0
6571,0,0,0
6572,0,0,0
6573,0,0,0
6574,0,0,0
6576,0,0,0
6577,0,0,0
6578,0,0,0
6579,0,0,0
6580,0,0,0
6584,0,0,0
6586,0,1,0
6588,0,0,0
6590,0,0,0
6592,1,1,0
6594,0,0,0
6596,0,0,0
6597,0,0,0
6599,0,0,0
6612,0,0,0
6613,0,0,0
6614,0,0,0
6615,0,0,0
6616,0,0,0
6617,1,1,0
6619,0,0,0
6620,0,0,0
6622,1,1,0
6625,0,0,0
6626,0,0,0
6627,0,0,0
6629,0,0,0
6630,0,0,0
6632,0,0,0
6633,0,0,0
6634,0,0,0
6635,0,0,0
6637,0,0,0
6638,0,0,0
6643,0,0,0
6644,0,1,0
6645,1,1,0
6647,0,0,0
6648,0,0,0
6651,1,0,0
6652,0,0,0
6653,0,0,0
6654,0,0,0
6656,0,0,0
6658,1,0,0
6659,0,0,0
6662,0,0,0
6663,0,0,0
6664,0,0,0
6666,0,0,0
6668,0,0,0
6670,0,0,0
6674,0,0,0
6675,0,0,0
6676,0,0,0
6677,0,0,0
6678,0,0,0
6694,0,0,0
6695,0,0,0
6696,0,0,0
6699,0,0,0
6701,1,1,0
6702,1,1,0
6703,0,1,0
6706,0,1,0
6707,0,1,0
6718,0,1,0
6721,0,0,0
6723,0,1,0
6724,0,1,0
6727,0,1,0
6728,0,1,0
6730,0,0,0
6731,0,0,0
6734,0,0,0
6736,0,0,0
6737,0,0,0
6740,0,1,0
6741,0,1,0
6742,0,1,0
6743,0,0,0
6744,0,1,0
6745,0,1,0
6748,0,0,0
6750,0,1,0
6752,1,0,0
6753,1,1,0
6754,0,1,0
6757,0,0,0
6758,0,0,0
6762,0,0,0
6763,0,1,0
6768,0,1,0
6769,0,0,0
6770,0,1,0
6771,0,0,0
6772,0,0,0
6775,0,0,0
6776,0,0,0
6777,0,0,0
6778,0,0,0
6779,0,1,0
6785,0,0,0
6786,0,0,0
6787,0,1,0
6788,0,0,0
6794,0,1,0
6797,0,0,0
6798,0,0,0
6800,0,1,0
6803,0,0,0
6804,1,0,0
6806,0,0,0
6807,0,0,0
6809,0,0,0
6810,0,1,0
6814,0,0,0
6817,0,0,0
6819,0,0,0
6820,0,1,0
6822,0,0,0
6823,0,1,0
6824,0,0,0
6832,0,0,0
6834,0,0,0
6835,0,0,0
6836,0,0,0
6837,0,0,0
6838,0,0,0
6840,0,0,0
6841,1,1,0
6844,0,1,0
6845,1,1,0
6848,0,0,0
6849,0,1,0
6850,0,1,0
6853,0,0,0
6855,0,0,0
6856,0,0,0
6857,0,1,0
6858,0,0,0
6859,0,1,0
6861,0,0,0
6862,0,0,0
6863,0,0,0
6864,0,0,0
6866,0,1,0
6867,0,0,0
6869,0,1,0
6870,0,0,0
6871,0,0,0
6874,0,0,0
6875,0,1,0
6877,0,0,0
6882,0,0,0
6888,0,0,0
6890,0,0,0
6894,0,0,0
6897,0,0,0
6898,0,0,0
6899,0,0,0
6901,0,0,0
6902,1,1,0
6904,0,0,0
6905,0,1,0
6907,0,0,0
6908,0,0,0
6912,0,0,0
6914,0,1,0
6915,0,0,0
6918,0,0,0
6919,0,0,0
6920,0,0,0
6923,0,1,0
6925,0,1,0
6926,0,0,0
6927,0,0,0
6928,0,1,0
6929,0,0,0
6932,1,0,0
6937,0,1,0
6941,0,0,0
6942,0,0,0
6943,0,0,0
6946,0,0,0
6947,0,0,0
6951,0,0,0
6952,0,1,0
6954,0,1,0
6955,0,0,0
6957,0,1,0
6958,0,1,0
6960,0,0,0
6961,0,0,0
6962,0,1,0
6963,1,1,0
6964,0,0,0
6965,1,1,0
6966,0,1,0
6969,0,0,0
6971,1,1,0
6976,0,1,0
6977,0,0,0
6981,1,1,0
6982,0,0,0
6986,0,1,0
6988,1,1,0
6989,0,0,0
6993,0,0,0
6994,0,0,0
6995,1,1,0
6996,1,1,0
6997,0,1,0
6998,0,0,0
6999,0,0,0
7003,0,0,0
7004,1,0,0
7011,1,1,0
7012,1,1,0
7013,1,0,0
7014,0,0,0
7018,0,0,0
7021,0,0,0
7022,0,0,0
7030,0,0,0
7031,0,0,0
7033,0,0,0
7034,0,0,0
7035,0,0,0
7036,0,0,0
7037,0,0,0
7038,0,0,0
7039,0,0,0
7040,0,0,0
7041,0,0,0
7042,0,0,0
7043,0,0,0
7044,0,0,0
7046,0,0,0
7047,0,0,0
7048,0,0,0
7049,0,0,0
7050,0,0,0
7056,0,0,0
7057,0,0,0
7058,0,0,0
7059,0,0,0
7060,0,0,0
7061,0,0,0
7062,0,0,0
7063,0,0,0
7064,0,0,0
7065,0,0,0
7066,0,0,0
7067,0,0,0
7068,0,0,0
7069,0,0,0
7071,0,0,0
7072,0,0,0
7073,0,0,0
7074,0,0,0
7075,0,0,0
7077,0,0,0
7078,0,0,0
7079,0,0,0
7080,0,0,0
7081,0,0,0
7082,0,0,0
7083,0,0,0
7084,0,0,0
7085,0,0,0
7087,0,0,0
7088,0,0,0
7089,0,0,0
7090,0,0,0
7091,0,0,0
7092,0,0,0
7093,0,0,0
7094,0,0,0
7095,0,0,0
7096,0,0,0
7097,0,0,0
7098,0,0,0
7102,0,1,0
7105,0,0,0
7110,0,0,0
7111,0,0,0
7112,0,0,0
7114,0,0,0
7115,0,0,0
7116,0,0,0
7119,0,0,0
7120,0,0,0
7122,0,0,0
7126,0,0,0
7127,0,0,0
7128,0,0,0
7129,0,0,0
7130,0,0,0
7131,0,0,0
7132,0,0,0
7133,0,0,0
7134,0,0,0
7135,0,0,0
7136,0,0,0
7137,0,0,0
7138,0,0,0
7139,0,0,0
7140,0,0,0
7148,0,0,0
7150,0,0,0
7157,0,0,0
7161,0,0,0
7162,0,0,0
7164,0,1,0
7167,1,1,0
7170,0,0,0
7172,0,0,0
7173,1,1,0
7175,0,0,0
7176,0,0,0
7177,0,0,0
7180,1,1,0
7181,0,1,0
7182,0,1,0
7183,0,0,0
7184,0,1,0
7185,0,0,0
7186,1,0,0
7187,0,1,0
7189,1,0,0
7191,0,1,0
7192,0,0,0
7196,0,0,0
7198,0,0,0
7199,0,1,0
7201,1,1,0
7202,1,1,0
7203,1,1,0
7205,1,1,0
7208,0,0,0
7211,1,1,0
7212,0,0,0
7213,0,0,0
7214,0,0,0
7215,0,0,0
7217,0,0,0
7218,0,0,0
7219,0,0,0
7220,0,1,0
7222,0,0,0
7224,0,1,0
7226,0,1,0
7228,0,0,0
7229,0,0,0
7231,1,1,0
7235,0,0,0
7236,1,1,0
7238,0,0,0
7239,0,1,0
7240,0,0,0
7241,0,1,0
7242,0,1,0
7244,0,0,0
7245,0,1,0
7246,0,1,0
7247,0,0,0
7250,0,1,0
7254,0,0,0
7255,0,0,0
7256,0,0,0
7259,1,1,0
7261,1,1,0
7264,0,0,0
7265,0,0,0
7266,0,1,0
7267,1,1,0
7269,1,1,0
7270,0,0,0
7271,0,0,0
7272,1,1,0
7273,0,0,0
7276,0,1,0
7277,0,0,0
7278,0,1,0
7279,0,0,0
7280,0,1,0
7282,1,1,0
7283,1,1,0
7284,0,0,0
7287,0,1,0
7291,0,0,0
7292,0,0,0
7294,1,1,0
7296,1,0,0
7297,0,0,0
7299,0,0,0
7305,0,0,0
7309,0,0,0
7313,0,0,0
7314,0,0,0
7317,0,0,0
7318,0,0,0
7320,0,0,0
7322,0,1,0
7325,0,0,0
7326,0,0,0
7327,1,1,0
7337,0,0,0
7343,0,0,0
7345,0,0,0
7347,0,0,0
7350,0,1,0
7351,0,0,0
7352,0,0,0
7353,0,0,0
7354,0,1,0
7355,0,0,0
7356,0,0,0
7357,0,0,0
7358,0,1,0
7359,0,0,0
7360,0,0,0
7361,0,0,0
7362,0,0,0
7363,0,0,0
7364,0,0,0
7366,0,0,0
7367,0,0,0
7368,0,0,0
7369,0,0,0
7370,0,0,0
7371,0,0,0
7372,0,0,0
7373,0,0,0
7374,0,0,0
7375,0,0,0
7376,0,0,0
7377,0,0,0
7378,0,1,0
7380,1,1,0
7381,0,0,0
7383,0,0,0
7384,0,0,0
7388,0,0,0
7389,0,0,0
7399,0,0,0
7409,0,0,0
7412,0,0,0
7413,0,0,0
7414,0,0,0
7416,0,0,0
7417,0,0,0
7419,0,0,0
7420,0,1,0
7421,0,0,0
7422,0,0,0
7425,0,0,0
7426,0,0,0
7427,0,0,0
7433,0,1,0
7434,0,0,0
7435,0,0,0
7438,0,0,0
7442,0,0,0
7443,0,0,0
7444,0,0,0
7445,0,1,0
7446,0,0,0
7447,0,0,0
7450,0,0,0
7453,0,0,0
7455,0,0,0
7456,0,1,0
7458,0,0,0
7459,0,0,0
7460,0,0,0
7461,0,0,0
7462,0,0,0
7463,0,0,0
7464,0,0,0
7466,0,0,0
7467,0,0,0
7472,0,0,0
7475,0,0,0
7476,0,1,0
7477,0,0,0
7480,0,0,0
7481,0,0,0
7482,0,1,0
7483,0,0,0
7486,0,0,0
7487,0,0,0
7490,0,0,0
7494,0,0,0
7500,0,0,0
7501,0,0,0
7502,0,0,0
7504,0,0,0
7505,0,0,0
7506,0,0,0
7508,0,0,0
7509,0,0,0
7510,0,0,0
7512,0,0,0
7513,0,1,0
7514,0,0,0
7515,0,0,0
7516,0,0,0
7520,0,0,0
7521,0,0,0
7522,0,0,0
7523,0,0,0
7524,0,0,0
7525,0,0,0
7527,0,0,0
7531,0,0,0
7532,0,0,0
7537,0,1,0
7538,0,0,0
7539,0,0,0
7544,0,0,0
7545,0,0,0
7550,0,0,0
75505,0,0,0
7551,0,0,0
7552,0,1,0
7554,0,0,0
7555,0,0,0
7561,0,1,0
7562,0,0,0
7564,0,0,0
7565,0,0,0
7567,0,0,0
7570,0,0,0
7571,0,0,0
7575,0,0,0
7578,0,0,0
7581,0,0,0
7585,0,0,0
7590,0,0,0
7593,0,0,0
7595,0,0,0
7596,0,0,0
7599,0,0,0
7600,0,0,0
7601,0,0,0
7602,0,0,0
7603,0,0,0
7604,0,0,0
7606,0,1,0
7607,0,1,0
7608,0,0,0
7609,0,0,0
7610,0,0,0
7611,0,1,0
7613,0,1,0
7614,0,0,0
7615,0,0,0
7616,0,0,0
7619,0,0,0
7621,0,0,0
7624,0,0,0
7625,0,0,0
7628,0,0,0
7630,0,0,0
7634,0,0,0
7635,0,0,0
7636,0,0,0
7637,0,0,0
7638,0,0,0
7640,0,0,0
7643,0,0,0
7646,0,0,0
7649,0,0,0
7670,0,0,0
7673,0,0,0
7674,0,0,0
7677,0,0,0
7678,0,0,0
7679,0,0,0
7680,0,0,0
7681,0,0,0
7682,0,0,0
7683,0,0,0
7685,0,0,0
7686,0,0,0
7687,0,0,0
7689,0,0,0
7690,0,0,0
7691,0,0,0
7692,0,0,0
7693,0,0,0
7694,0,0,0
7695,0,0,0
7698,0,0,0
7699,0,0,0
7701,1,1,0
7702,0,0,0
7707,0,0,0
7709,0,0,0
7711,0,0,0
7713,0,0,0
7715,0,0,0
7716,0,0,0
7717,0,0,0
7718,0,1,0
7719,0,0,0
7721,0,1,0
7722,0,0,0
7723,0,1,0
7725,0,0,0
7726,0,0,0
7727,0,0,0
7729,0,1,0
7730,0,0,0
7731,0,1,0
7732,0,0,0
7733,0,1,0
7734,0,0,0
7735,0,0,0
7739,0,1,0
7740,0,1,0
7741,0,0,0
7743,0,0,0
7744,0,1,0
7745,0,0,0
7746,0,0,0
7747,0,1,0
7749,0,0,0
7751,0,1,0
7752,0,1,0
7760,0,0,0
7762,0,1,0
7769,0,0,0
7771,0,0,0
7774,0,0,0
7775,0,0,0
7776,0,0,0
7777,0,0,0
7779,0,0,0
7780,0,1,0
7781,0,0,0
7782,0,0,0
7791,0,0,0
7792,0,0,0
7793,0,0,0
7794,0,0,0
7795,0,0,0
7800,0,0,0
7803,0,0,0
7804,0,0,0
7805,0,0,0
7806,0,0,0
7807,0,0,0
7808,0,0,0
7809,0,0,0
7810,0,0,0
7811,0,0,0
7812,0,0,0
7813,0,0,0
7814,0,0,0
7815,0,0,0
7817,0,0,0
7818,0,1,0
7819,0,0,0
7820,0,0,0
7821,0,0,0
7822,0,0,0
7823,0,1,0
7826,0,0,0
7827,0,0,0
7831,0,0,0
7832,1,0,0
7833,0,0,0
7836,0,0,0
7837,0,0,0
7839,0,0,0
7840,0,0,0
7841,0,0,0
7844,0,0,0
7846,0,1,0
7847,0,0,0
7849,0,0,0
7850,0,0,0
7851,0,0,0
7856,0,0,0
7857,0,0,0
7859,0,0,0
7860,0,1,0
7863,0,0,0
7864,0,1,0
7865,0,0,0
7867,0,0,0
7868,0,0,0
7871,0,0,0
7872,0,0,0
7874,0,0,0
7875,0,0,0
7877,0,0,0
7878,0,0,0
7879,0,0,0
7883,1,1,0
7885,0,0,0
7886,0,0,0
7887,0,0,0
7888,0,0,0
7893,0,1,0
7896,0,0,0
7897,0,0,0
7898,0,0,0
7901,0,0,0
7902,0,0,0
7906,0,0,0
7908,0,0,0
7911,0,0,0
7912,1,1,0
7914,0,1,0
7915,0,0,0
7916,0,0,0
7917,0,0,0
7918,0,0,0
7919,0,0,0
7921,0,0,0
7922,0,0,0
7923,0,0,0
7925,0,1,0
7927,0,0,0
7928,0,0,0
7931,0,0,0
7932,0,0,0
7936,1,1,0
7937,0,0,0
7938,0,0,0
7939,0,0,0
7940,0,0,0
7942,0,0,0
7943,0,1,0
7944,0,0,0
7946,1,1,0
7947,0,1,0
7949,0,1,0
7951,1,1,0
7952,0,0,0
7953,0,0,0
7955,0,0,0
7956,0,1,0
7957,0,0,0
7962,0,1,0
7963,0,0,0
7965,0,0,0
7966,0,0,0
7970,0,1,0
7971,0,1,0
7972,1,1,0
7974,0,0,0
7975,0,0,0
7976,0,0,0
7979,0,0,0
7980,0,0,0
7981,0,1,0
7983,0,0,0
7984,0,1,0
7985,0,0,0
7986,0,0,0
7987,0,0,0
7988,0,0,0
7989,0,1,0
7990,0,1,0
7991,0,0,0
7992,0,0,0
7994,0,1,0
7995,0,1,0
7997,0,0,0
7999,0,0,0
8001,1,1,0
8002,1,1,0
8005,0,0,0
8006,0,0,0
8007,0,1,0
8008,0,0,0
8011,0,1,0
8012,1,1,0
8013,0,0,0
8014,0,0,0
8015,1,1,0
8016,0,0,0
8018,0,0,0
8020,0,1,0
8022,0,0,0
8023,0,0,0
8025,0,0,0
8029,0,0,0
8030,0,0,0
8031,1,1,0
8032,1,1,0
8035,0,1,0
8037,0,0,0
8039,0,0,0
8040,0,0,0
8041,0,0,0
8043,0,1,0
8045,0,0,0
8046,0,0,0
8050,0,1,0
8051,1,1,0
8052,0,0,0
8053,1,1,0
8056,0,0,0
8057,0,1,0
8058,1,1,0
8059,0,1,0
8060,0,1,0
8061,0,0,0
8065,0,0,0
8066,0,0,0
8070,0,0,0
8074,1,1,0
8075,0,1,0
8076,0,0,0
8077,0,0,0
8078,1,1,0
8079,0,0,0
8081,0,0,0
8084,0,0,0
8085,0,0,0
8086,0,1,0
8088,1,1,0
8089,0,1,0
8091,0,1,0
8093,0,1,0
8095,0,0,0
8097,0,0,0
8098,0,1,0
8101,0,0,0
8103,0,1,0
8104,0,0,0
8105,0,0,0
8107,0,0,0
8111,0,1,0
8113,1,0,0
8115,0,0,0
8117,0,0,0
8118,0,0,0
8119,0,0,0
8123,0,0,0
8125,0,0,0
8127,0,0,0
8129,0,0,0
8130,0,1,0
8131,0,0,0
8132,1,0,0
8133,0,1,0
8135,0,0,0
8136,0,0,0
8137,0,1,0
8138,0,0,0
8139,0,0,0
8141,0,0,0
8142,0,0,0
8143,0,0,0
8144,0,0,0
8147,0,0,0
8150,0,0,0
8151,0,0,0
8152,0,0,0
8153,0,1,0
8154,0,0,0
8157,0,0,0
8158,0,0,0
8159,0,0,0
8160,0,0,0
8163,0,0,0
8165,0,0,0
8166,0,0,0
8167,0,1,0
8173,1,1,0
8174,0,1,0
8179,0,0,0
8181,0,0,0
8185,0,0,0
8194,0,1,0
8198,0,0,0
8200,0,1,0
8202,0,0,0
8203,0,0,0
8207,0,0,0
8209,0,0,0
8214,0,0,0
8217,0,1,0
8218,0,0,0
8219,0,1,0
8225,0,0,0
8226,1,0,0
8227,0,1,0
8230,0,0,0
8233,0,0,0
8237,0,1,0
8242,0,0,0
8244,0,0,0
8247,0,0,0
8252,0,1,0
8253,0,1,0
8254,0,0,0
8255,0,0,0
8260,0,0,0
8267,0,1,0
8273,0,1,0
8275,1,1,0
8276,0,0,0
8278,0,0,0
8281,0,0,0
8282,0,0,0
8283,0,0,0
8285,0,1,0
8289,0,0,0
8291,0,0,0
8301,0,0,0
8304,0,1,0
8306,0,0,0
8308,1,0,0
8309,0,0,0
8316,1,1,0
8331,1,1,0
8334,1,1,0
8336,0,1,0
8337,1,1,0
8338,0,1,0
8341,1,1,0
8343,0,1,0
8344,0,1,0
8345,0,1,0
8346,1,1,0
8349,0,1,0
8354,1,1,0
8358,0,1,0
8359,1,1,0
8360,1,1,0
8361,0,1,0
8362,0,1,0
8364,0,1,0
8365,0,1,0
8366,1,1,0
8367,0,1,0
8368,0,1,0
8370,0,1,0
8377,0,1,0
8381,1,1,0
8383,0,1,0
8386,0,1,0
8387,0,1,0
8388,0,1,0
8392,0,1,0
8393,0,1,0
8395,1,1,0
8399,1,1,0
8410,0,1,0
8411,1,1,0
8416,0,1,0
8418,1,1,0
8421,0,0,0
8424,1,1,0
8425,1,0,0
8439,1,1,0
8473,0,0,0
8508,0,0,0
8511,0,0,0
8515,0,0,0
8518,0,0,0
8522,0,1,0
8524,0,1,0
8537,0,0,0
8541,0,1,0
8542,0,1,0
8544,0,1,0
8550,0,1,0
8551,0,1,0
8558,0,1,0
8562,0,1,0
8563,0,1,0
8566,0,1,0
8570,0,1,0
8572,0,0,0
8584,0,1,0
8585,1,1,0
8591,1,1,0
8593,0,0,0
8595,0,0,0
8596,0,0,0
8600,0,0,0
8601,1,1,0
8604,1,0,0
8609,0,1,0
8613,0,0,0
8614,0,0,0
8616,1,0,0
8617,0,0,0
8622,0,0,0
8624,0,1,0
8628,0,0,0
8630,0,0,0
8697,1,1,0
8698,0,1,0
8699,0,0,0
8700,0,0,0
8704,0,0,0
8705,0,0,0
8706,0,0,0
8707,0,0,0
8708,0,0,0
8713,1,0,0
8714,0,0,0
8715,0,0,0
8725,0,0,0
8729,0,0,0
8737,0,0,0
8739,0,0,0
8742,0,0,0
8746,0,0,0
8747,0,0,0
8750,1,0,0
8766,0,0,0
8769,0,0,0
8771,0,0,0
8772,0,0,0
8783,0,0,0
8789,0,0,0
8793,0,0,0
8795,1,0,0
8798,0,0,0
8801,1,1,0
8802,1,1,0
8803,0,1,0
8804,0,1,0
8818,0,1,0
8830,0,1,0
8835,0,0,0
8836,0,0,0
8841,0,0,0
8844,0,0,0
8848,0,0,0
8850,0,0,0
8860,0,0,0
8864,0,1,0
8869,0,1,0
8871,0,0,0
8876,0,0,0
8877,0,1,0
8881,0,0,0
8887,0,0,0
8891,0,0,0
8892,0,0,0
8894,0,0,0
8897,0,0,0
8898,0,0,0
8904,0,0,0
8908,0,0,0
8912,0,0,0
8914,0,0,0
8917,0,0,0
8918,0,0,0
8919,0,1,0
8920,0,0,0
8921,0,0,0
8923,0,1,0
8927,0,0,0
8928,0,0,0
8929,0,1,0
8931,0,0,0
8934,0,1,0
8935,0,0,0
8938,0,0,0
8944,0,0,0
8945,0,1,0
8946,0,0,0
8951,0,0,0
8952,0,0,0
8953,0,0,0
8954,0,0,0
8955,0,0,0
8956,0,0,0
8957,0,0,0
8958,0,0,0
8960,0,0,0
8961,0,0,0
8963,0,0,0
8964,0,0,0
8966,0,0,0
8967,0,0,0
8968,0,0,0
8972,0,0,0
8975,0,0,0
8976,0,0,0
8977,0,0,0
8979,0,0,0
8984,0,0,0
8985,0,0,0
8986,0,0,0
8987,0,0,0
8995,0,0,0
8996,0,0,0
8999,0,0,0
9001,0,1,0
9003,0,0,0
9005,1,1,0
9006,0,1,0
9007,1,1,0
9008,0,1,0
9009,0,1,0
9010,0,0,0
9012,0,0,0
9017,0,0,0
9020,1,1,0
9021,1,1,0
9022,0,1,0
9023,0,1,0
9024,0,0,0
9025,0,1,0
9028,0,0,0
9029,0,0,0
9031,1,1,0
9033,0,0,0
9034,0,0,0
9036,0,0,0
9037,0,0,0
9039,0,0,0
9041,0,0,0
9042,1,0,0
9044,1,1,0
9045,0,0,0
9046,0,0,0
9048,0,1,0
9049,0,0,0
9051,0,0,0
9052,0,1,0
9057,0,0,0
9059,0,0,0
9060,0,0,0
9063,0,0,0
9064,1,0,0
9065,0,0,0
9067,0,0,0
9068,0,1,0
9069,1,0,0
9072,0,0,0
9073,0,0,0
9074,0,0,0
9075,0,0,0
9076,0,0,0
9081,0,1,0
9082,0,0,0
9083,0,0,0
9087,0,0,0
9090,0,0,0
9101,1,1,0
9104,1,1,0
9107,1,1,0
9110,0,0,0
9115,0,0,0
9119,0,1,0
9127,0,0,0
9130,0,0,0
9142,1,1,0
9143,0,0,0
9145,0,0,0
9146,0,0,0
9147,0,0,0
9149,0,0,0
9156,0,0,0
9158,0,0,0
9159,0,0,0
9160,0,0,0
9162,0,0,0
9163,0,0,0
9165,0,0,0
9166,0,0,0
9167,0,0,0
9168,0,0,0
9169,0,0,0
9171,0,0,0
9173,0,0,0
9193,0,0,0
9201,1,1,0
9202,0,0,0
9204,0,0,0
9206,0,0,0
9211,0,0,0
9212,0,0,0
9213,0,0,0
9214,0,0,0
9215,0,0,0
9216,0,1,0
9218,0,0,0
9219,0,0,0
9220,0,0,0
9221,0,0,0
9222,0,0,0
9223,0,0,0
9225,0,0,0
9226,0,0,0
9227,0,0,0
9229,0,0,0
9233,1,1,0
9235,0,0,0
9236,0,0,0
9237,0,0,0
9238,0,0,0
9239,0,0,0
9240,0,0,0
9241,0,0,0
9242,0,0,0
9243,0,0,0
9244,0,0,0
9245,0,0,0
9246,0,0,0
9247,0,0,0
9248,0,0,0
9249,0,0,0
9250,0,0,0
9251,0,0,0
9252,0,0,0
9253,0,0,0
9254,0,0,0
9256,0,0,0
9257,0,0,0
9258,0,0,0
9259,0,0,0
9262,0,0,0
9264,0,0,0
9265,0,0,0
9267,0,0,0
9268,0,0,0
9270,0,0,0
9271,0,0,0
9272,0,0,0
9273,0,0,0
9274,0,0,0
9278,0,0,0
9279,0,0,0
9282,0,0,0
9284,0,0,0
9285,0,0,0
9286,0,0,0
9287,0,0,0
9301,0,1,0
9302,0,0,0
9303,0,1,0
9304,0,1,0
9305,0,0,0
9306,0,0,0
9307,0,0,0
9308,0,0,0
9310,0,1,0
9311,0,0,0
9312,0,0,0
9313,0,0,0
9319,0,1,0
9322,0,0,0
9324,0,1,0
9325,0,0,0
9326,0,0,0
9327,0,0,0
9330,0,0,0
9331,0,0,0
9332,0,0,0
9334,0,0,0
9335,0,0,0
9336,0,1,0
9337,0,0,0
9338,0,0,0
9339,0,0,0
9340,0,0,0
9341,0,0,0
9342,0,0,0
9343,0,0,0
9344,0,0,0
9345,0,0,0
9346,0,0,0
9347,0,0,0
9348,0,0,0
9351,0,0,0
9353,0,0,0
9355,0,0,0
9360,0,0,0
9361,0,0,0
9362,0,0,0
9363,0,0,0
9364,1,1,0
9365,0,0,0
9366,0,0,0
9367,0,0,0
9368,0,0,0
9369,0,0,0
9376,0,0,0
9380,0,0,0
9381,0,0,0
9385,0,0,0
9399,0,0,0
9401,0,0,0
9404,0,0,0
9405,0,0,0
9408,0,0,0
9409,0,0,0
9412,0,0,0
9413,0,0,0
9414,0,0,0
9416,0,0,0
9417,0,0,0
9418,0,0,0
9419,0,0,0
9421,0,0,0
9423,0,0,0
9424,0,0,0
9425,0,0,0
9428,0,0,0
9432,0,0,0
9433,0,0,0
9434,1,1,0
94345,0,0,0
94346,0,0,0
9435,0,0,0
9436,0,1,0
9438,0,0,0
9439,0,0,0
9441,0,0,0
9444,0,0,0
9445,1,0,0
9446,0,0,0
9449,0,0,0
9450,1,1,0
9466,0,0,0
9467,0,0,0
9468,0,0,0
9470,0,0,0
9474,0,0,0
9475,0,0,0
9476,0,0,0
9478,0,0,0
9501,1,0,0
9502,1,1,0
9503,1,1,0
9504,1,1,0
9505,1,1,0
9506,1,1,0
9507,1,1,0
9508,1,1,0
9509,1,1,0
9511,1,1,0
9513,1,1,0
9514,1,1,0
9517,0,1,0
9519,0,1,0
9531,0,0,0
9532,0,0,0
9533,0,0,0
9534,0,0,0
9535,1,0,0
9536,1,0,0
9537,0,0,0
9539,0,0,0
9543,1,1,0
9551,0,0,0
9552,0,0,0
9553,0,0,0
9554,0,0,0
9556,0,0,0
9557,0,0,0
9558,0,0,0
9560,0,0,0
9561,0,0,0
9562,0,0,0
9563,0,0,0
9564,0,0,0
9565,0,0,0
9600,0,1,0
9601,0,0,0
9602,0,1,0
9603,0,0,0
9605,0,0,0
9610,0,0,0
9612,0,0,0
9616,0,1,0
9619,0,0,0
9621,1,1,0
9622,0,0,0
9625,0,0,0
9627,0,0,0
9628,0,0,0
9629,0,0,0
9632,0,0,0
9633,0,0,0
9635,0,0,0
9636,0,0,0
9639,0,0,0
9640,0,0,0
9644,0,1,0
9647,0,0,0
9651,0,0,0
9656,0,0,0
9658,0,0,0
9661,0,0,0
9663,0,1,0
9672,0,0,0
9678,0,1,0
9679,0,0,0
9682,0,0,0
9684,0,0,0
9685,0,0,0
9686,0,0,0
9687,0,0,0
9691,0,0,0
9692,0,1,0
9697,0,0,0
9698,0,0,0
9699,0,0,0
9701,0,0,0
9702,0,0,0
9704,0,0,0
9706,0,1,0
9708,0,0,0
9709,0,0,0
9713,0,0,0
9715,0,0,0
9716,0,0,0
9719,0,0,0
9720,0,0,0
9722,0,0,0
9723,0,0,0
9726,0,0,0
9729,0,0,0
9731,0,0,0
9733,0,0,0
9735,1,1,0
9739,0,0,0
9740,0,1,0
9742,0,0,0
9743,0,0,0
9744,0,0,0
9746,0,0,0
9753,0,0,0
9755,1,1,0
9757,1,0,0
9759,0,0,0
9760,0,0,0
9761,0,0,0
9763,0,0,0
9765,0,0,0
9766,0,0,0
9767,0,0,0
9768,0,1,0
9769,0,0,0
9776,0,0,0
9778,0,0,0
9780,0,0,0
9782,0,0,0
9788,0,1,0
9790,0,0,0
9791,0,0,0
9793,1,1,0
9795,0,0,0
9799,0,0,0
9812,0,0,0
9816,0,0,0
9818,0,0,0
9820,0,0,0
9823,0,0,0
9824,0,1,0
9827,0,0,0
9828,0,0,0
9830,0,0,0
9831,0,0,0
9832,0,1,0
9835,0,0,0
9837,0,0,0
9842,0,0,0
9843,0,0,0
9845,0,0,0
9846,0,0,0
9849,0,0,0
9850,0,0,0
9853,0,0,0
9854,0,0,0
9856,0,0,0
9857,0,0,0
9861,0,0,0
9867,0,0,0
9869,0,0,0
9872,0,0,0
9876,0,0,0
9878,0,0,0
9880,0,0,0
9882,0,0,0
9885,0,0,0
9887,0,0,0
9888,0,0,0
9889,0,0,0
9890,0,0,0
9895,0,0,0
9896,0,0,0
9900,0,0,0
9902,0,0,0
9903,0,0,0
9904,0,0,0
9906,0,0,0
9908,0,0,0
9913,0,1,0
9914,0,0,0
9927,0,0,0
9928,0,0,0
9929,0,0,0
9930,0,0,0
9932,0,0,0
9934,0,1,0
9936,0,0,0
9941,0,0,0
9946,0,1,0
9948,0,1,0
9950,0,0,0
9955,0,0,0
9956,0,0,0
9959,0,0,0
9960,0,1,0
9962,0,1,0
9969,0,0,0
9972,0,0,0
9973,0,0,0
9974,0,0,0
9976,0,0,0
9978,0,0,0
9979,0,0,0
9980,0,0,0
9982,0,0,0
9983,0,1,0
9984,0,0,0
9986,0,0,0
9987,0,0,0
9989,0,0,0
9990,0,0,0
9991,0,1,0
9993,0,0,0
9994,0,0,0
9996,0,0,0
9997,0,0,0
