spEmitCode,year,score__energy_co2,score__adjusted_emissions,score__total_emissions,score__non_energy_co2,score__energy_co2_pre_allocation,score__total,rank__total,n_scored_metrics,quality_weight,score__phaseE,rank__phaseE,gap_to_next
985642304,2023,0.9508196721311476,,0.9508196721311476,,,0.9508196721311476,11.0,2,0.6615384615384615,0.6290037831021438,1.0,0.05060949978982776
580031215,2023,0.8743169398907104,,0.8743169398907104,,,0.8743169398907102,24.0,2,0.6615384615384615,0.578394283312316,2.0,0.021689785624211866
986331452,2023,0.8415300546448088,,0.8415300546448088,,,0.8415300546448087,29.0,2,0.6615384615384615,0.5567044976881041,3.0,0.04337957124842373
580042649,2023,0.7759562841530054,,0.7759562841530054,,,0.7759562841530053,42.0,2,0.6615384615384615,0.5133249264396804,4.0,0.014703256619355232
580000120,2023,0.9972677595628416,0.9971910112359552,0.9972677595628416,,,0.9972433396406504,1.0,3,0.5,0.4986216698203252,5.0,0.0031281920326863832
580006221,2023,0.9972677595628416,0.9775280898876404,0.9972677595628416,,,0.9909869555752776,2.0,3,0.5,0.4954934777876388,6.0,0.0019005676585341913
420015816,2023,0.989071038251366,0.9831460674157304,0.989071038251366,,,0.9871858202582092,3.0,3,0.5,0.4935929101291046,7.0,0.005437967815937805
985405005,2023,0.9836065573770492,0.9606741573033708,0.9836065573770492,,,0.9763098846263336,4.0,3,0.5,0.4881549423131668,8.0,7.535290276139417e-05
280263436,2023,0.9781420765027322,0.9719101123595506,0.9781420765027322,,,0.9761591788208108,5.0,3,0.5,0.4880795894104054,9.0,0.005437967815937916
580038181,2023,0.9726775956284152,0.949438202247191,0.9726775956284152,,,0.965283243188935,6.0,3,0.5,0.4826416215944675,10.0,0.0009691220549574164
260094087,2023,0.9672131147540984,0.9550561797752808,0.9672131147540984,,,0.9633449990790202,7.0,3,0.5,0.4816724995395101,11.0,0.002088949915437288
400095131,2023,0.9453551912568308,0.9887640449438202,0.9453551912568308,,,0.9591670992481456,8.0,3,0.5,0.4795835496240728,12.0,0.0005222374788592665
985036501,2023,0.9398907103825136,0.9971910112359552,0.9398907103825136,,,0.958122624290427,9.0,3,0.5,0.4790613121452135,13.0,0.0019330112694453394
800162996,2023,0.9617486338797814,0.9382022471910112,0.9617486338797814,,,0.9542566017515364,10.0,3,0.5,0.4771283008757682,14.0,0.002756660359349572
580006526,2023,0.9562841530054644,0.9325842696629212,0.9562841530054644,,,0.9487432810328372,12.0,3,0.5,0.4743716405164186,15.0,0.003951841122590838
985146306,2023,0.9289617486338798,0.9662921348314608,0.9289617486338798,,,0.9408395987876556,13.0,3,0.5,0.4704197993938278,16.0,0.004393492858219272
985091807,2023,0.9344262295081968,0.9269662921348316,0.9344262295081968,,,0.932052613071217,14.0,3,0.5,0.4660263065356085,17.0,0.007300859023091522
400231841,2023,0.9234972677595628,0.904494382022472,0.9234972677595628,,,0.917450895025034,15.0,3,0.5,0.458725447512517,18.0,0.0038011353170682716
985456201,2023,0.907103825136612,0.9157303370786516,0.907103825136612,,,0.9098486243908974,16.0,3,0.5,0.4549243121954487,19.0,0.0016368324988697003
985101000,2023,0.918032786885246,0.8820224719101124,0.918032786885246,,,0.906574959393158,17.0,3,0.5,0.453287479696579,20.0,0.0036504295115457053
985851108,2023,0.912568306010929,0.8707865168539326,0.912568306010929,,,0.8992741003700666,18.0,3,0.5,0.4496370501850333,21.0,0.0015913184153192317
985780104,2023,0.8688524590163934,0.9438202247191012,0.8688524590163934,,0.9333333333333332,0.8960914635394283,19.0,4,0.5,0.4480457317697141,22.0,0.0030282331511839455
580028819,2023,0.9016393442622952,0.8651685393258427,0.9016393442622952,,,0.8900349972370603,20.0,3,0.5,0.4450174986185301,23.0,0.005437967815937916
580191442,2023,0.8961748633879781,0.8426966292134831,0.8961748633879781,,,0.8791590616051845,21.0,3,0.5,0.4395795308025922,24.0,0.00045211741656758786
985794404,2023,0.8633879781420765,0.9101123595505618,0.8633879781420765,,,0.8782548267720492,22.0,3,0.5,0.4391274133860246,25.0,0.0019382441099148329
985786805,2023,0.8524590163934426,0.9213483146067416,0.8524590163934426,,,0.8743783385522197,23.0,3,0.5,0.4371891692761098,26.0,0.002153837137259418
500107029,2023,0.8907103825136612,0.8258426966292135,0.8907103825136612,,,0.8700706642777007,25.0,3,0.5,0.4350353321388504,27.0,0.0001507058055225663
580000489,2023,0.8797814207650273,0.848314606741573,0.8797814207650273,,,0.8697692526666557,26.0,3,0.5,0.4348846263333278,28.0,0.0026059545538271167
800351401,2023,0.8852459016393442,0.8202247191011236,0.8852459016393442,,,0.8645573435590014,27.0,3,0.5,0.4322786717795007,29.0,0.011101994340159793
580021818,2023,0.8579234972677595,0.8089887640449438,0.8579234972677595,,,0.8423533548786819,28.0,3,0.5,0.4211766774393409,30.0,0.002465714429243593
580014081,2023,0.8087431693989071,0.898876404494382,0.8087431693989071,,,0.8374219260201946,30.0,3,0.5,0.4187109630100973,31.0,0.002530601651065889
985836308,2023,0.819672131147541,0.8595505617977528,0.819672131147541,,,0.8323607227180629,31.0,3,0.5,0.4161803613590314,32.0,0.0014107737905857953
581100003,2023,0.8469945355191257,0.7921348314606742,0.8469945355191257,,,0.8295391751368912,32.0,3,0.5,0.4147695875684456,33.0,0.003801135317068327
740054417,2023,0.8306010928961749,0.8033707865168539,0.8306010928961749,,,0.8219369045027546,33.0,3,0.5,0.4109684522513773,34.0,0.002756660359349572
985376100,2023,0.825136612021858,0.797752808988764,0.825136612021858,,,0.8164235837840554,34.0,3,0.5,0.4082117918920277,35.0,0.0007430633466736225
580004129,2023,0.8360655737704918,0.7696629213483146,0.8360655737704918,,,0.8149374570907082,35.0,3,0.5,0.4074687285453541,36.0,0.002691773137527387
500015052,2023,0.7704918032786885,0.8932584269662921,0.7704918032786885,,,0.8095539108156534,36.0,3,0.5,0.4047769554078267,37.0,0.0033490179005006837
985681705,2023,0.7868852459016393,0.8370786516853933,0.7868852459016393,,,0.802855875014652,37.0,3,0.5,0.401427937507326,38.0,0.0005170046383898286
985331903,2023,0.8142076502732241,0.7752808988764045,0.8142076502732241,,,0.8018218657378725,38.0,3,0.5,0.4009109328689362,39.0,0.0028320132621109106
985134029,2023,0.8032786885245902,0.7808988764044944,0.8032786885245902,,,0.7961578392136507,39.0,3,0.5,0.3980789196068253,40.0,0.005437967815937861
600019161,2023,0.7978142076502732,0.7584269662921348,0.7978142076502732,,,0.7852819035817749,40.0,3,0.5,0.3926409517908874,41.0,0.00454419866374195
710038762,2023,0.7923497267759563,0.7415730337078652,0.7923497267759563,,,0.776193506254291,41.0,3,0.5,0.3880967531271455,42.0,0.0028320132621107996
430018867,2023,0.7814207650273224,0.7471910112359551,0.7814207650273224,,,0.7705294797300694,43.0,3,0.5,0.3852647398650347,43.0,0.0011770402496135701
987601839,2023,0.7158469945355191,0.8764044943820225,0.7213114754098361,,,0.7681753992308423,44.0,3,0.5,0.3840876996154211,44.0,0.0009014869210117182
580045257,2023,0.5792349726775956,,0.5792349726775956,,,0.5792349726775956,84.0,2,0.6615384615384615,0.3831862126944094,45.0,0.005204191338838593
985794601,2023,0.726775956284153,0.8146067415730337,0.73224043715847,,,0.7559640427111417,45.0,3,0.5,0.3779820213555708,46.0,9.349341638892339e-05
985035755,2023,0.7650273224043715,0.7359550561797753,0.7650273224043715,,,0.7557770558783637,46.0,3,0.5,0.3778885279391819,47.0,0.0004988641247621883
675007221,2023,0.7486338797814208,0.7640449438202247,0.7540983606557377,,,0.7547793276288395,47.0,3,0.5,0.3773896638144197,48.0,0.002013597012675894
400108462,2023,0.73224043715847,0.7865168539325843,0.7377049180327869,,,0.7507521336034876,48.0,3,0.5,0.3753760668017438,49.0,0.0002441992219116007
985866101,2023,0.7595628415300546,0.7303370786516854,0.7595628415300546,,,0.7502637351596644,49.0,3,0.5,0.3751318675798322,50.0,0.006417555551834375
500011492,2023,0.6885245901639344,0.8539325842696629,0.6721311475409836,,,0.7374286240559957,50.0,3,0.5,0.3687143120279978,51.0,0.00033769263830041307
200106551,2023,0.7431693989071039,0.7191011235955056,0.7486338797814208,,,0.7367532387793948,51.0,3,0.5,0.3683766193896974,52.0,0.003029465775828022
348007181,2023,0.7540983606557377,0.7078651685393258,0.7158469945355191,,,0.7306943072277388,52.0,3,0.5,0.3653471536138694,53.0,0.0008288819303738926
985855107,2023,0.6775956284153005,0.8314606741573034,0.6885245901639344,,,0.7290365433669911,53.0,3,0.5,0.3645182716834955,54.0,0.0024733892619321907
400108551,2023,0.7377049180327869,0.6910112359550562,0.7431693989071039,,,0.7240897648431266,54.0,3,0.5,0.3620448824215633,55.0,0.006360343162700899
580001842,2023,0.7103825136612022,0.7134831460674157,0.7103825136612022,,,0.7113690785177248,55.0,3,0.5,0.3556845392588624,56.0,0.008119275272526372
985302607,2023,0.7049180327868853,0.6741573033707865,0.7049180327868853,,,0.695130527972672,56.0,3,0.5,0.347565263986336,57.0,0.0023903615264824207
988792136,2023,0.6612021857923497,0.7528089887640449,0.6612021857923497,,,0.6903498049197073,57.0,3,0.5,0.3451749024598536,58.0,0.00033769263830041307
985073809,2023,0.7213114754098361,0.6179775280898876,0.726775956284153,,,0.6896744196431064,58.0,3,0.5,0.3448372098215532,59.0,0.003754388608873782
985815308,2023,0.6939890710382514,0.6685393258426966,0.6775956284153005,,,0.6821656424253589,59.0,3,0.5,0.3410828212126794,60.0,0.0005379360002679134
430016693,2023,0.5846994535519126,0.8876404494382022,0.5846994535519126,,,0.681089770424823,60.0,3,0.5,0.3405448852124115,61.0,0.0009767968876460142
400001985,2023,0.6830601092896175,0.6629213483146067,0.6939890710382514,,,0.679136176649531,61.0,3,0.5,0.3395680883247655,62.0,0.0001220996109557726
800003425,2023,0.6994535519125683,0.6348314606741573,0.6994535519125683,,,0.6788919774276195,62.0,3,0.5,0.3394459887138097,63.0,0.0006028232220902097
580189711,2023,0.6557377049180327,0.7247191011235955,0.6557377049180327,,,0.6776863309834391,63.0,3,0.5,0.3388431654917195,64.0,0.0003195521246727173
430015561,2023,0.6721311475409836,0.6797752808988764,0.6830601092896175,,,0.6770472267340936,64.0,3,0.5,0.3385236133670468,65.0,0.00936120274396196
985475903,2023,0.6666666666666666,0.6404494382022472,0.6666666666666666,,,0.6583248212461696,65.0,3,0.5,0.3291624106230848,66.0,0.0029073661648721383
580004067,2023,0.6502732240437158,0.6573033707865169,0.6502732240437158,,,0.6525100889164254,66.0,3,0.5,0.3262550444582127,67.0,0.0011198278604798717
810002001,2023,0.6338797814207651,0.6853932584269663,0.6338797814207651,,,0.6502704331954656,67.0,3,0.5,0.3251352165977328,68.0,0.007893216564242633
580304671,2023,0.644808743169399,0.6123595505617978,0.644808743169399,,,0.6344840000669805,68.0,3,0.5,0.3172420000334902,69.0,0.002907366164872194
985115201,2023,0.6284153005464481,0.6292134831460674,0.6284153005464481,,,0.6286692677372361,69.0,3,0.5,0.314334633868618,70.0,0.0016368324988697003
580016326,2023,0.639344262295082,0.5955056179775281,0.639344262295082,,,0.6253956027394967,70.0,3,0.5,0.3126978013697483,71.0,0.0026500152407542
985724508,2023,0.6065573770491803,0.5842696629213483,0.6010928961748634,0.7804878048780488,,0.6200955722579882,71.0,4,0.5,0.3100477861289941,72.0,0.0030140112834675103
987070351,2023,0.6174863387978142,0.6067415730337079,0.6174863387978142,,,0.6140675496910533,72.0,3,0.5,0.3070337748455266,73.0,0.0028138727484831594
400095186,2023,0.5628415300546448,0.702247191011236,0.5683060109289617,,,0.6084398041940868,73.0,3,0.5,0.3042199020970434,74.0,0.0002441992219114897
985347402,2023,0.5901639344262295,0.6460674157303371,0.5901639344262295,,,0.6079514057502639,74.0,3,0.5,0.3039757028751319,75.0,0.0005767753050863189
580363860,2023,0.5683060109289617,0.5730337078651685,0.5737704918032787,,1.0,0.6067978551400913,75.0,4,0.5,0.3033989275700456,76.0,0.0009847042910220982
985351601,2023,0.6120218579234973,0.601123595505618,0.5956284153005464,,,0.604828446558047,76.0,3,0.5,0.3024142232790235,77.0,0.0024085020401101165
400090555,2023,0.6010928961748634,0.5898876404494382,0.6120218579234973,,,0.6000114424778268,77.0,3,0.5,0.3000057212389134,78.0,0.0018342850125867005
580011642,2023,0.6229508196721312,0.5393258426966292,0.6229508196721312,,,0.5963428724526534,78.0,3,0.5,0.2981714362263267,79.0,0.0018161444989590048
440052174,2023,0.5956284153005464,0.5786516853932584,0.6065573770491803,,,0.5927105834547354,79.0,3,0.5,0.2963552917273677,80.0,0.0019204214807098108
500025003,2023,0.5300546448087432,0.5674157303370787,0.5191256830601093,0.951219512195122,,0.5888697404933159,80.0,4,0.5,0.2944348702466579,81.0,0.0010441570732959704
580123424,2023,0.5355191256830601,0.6966292134831461,0.5355191256830601,,,0.5867814263467239,81.0,3,0.5,0.2933907131733619,82.0,0.0015614795961084171
985471403,2023,0.5519125683060109,0.651685393258427,0.5519125683060109,,,0.583658467154507,82.0,3,0.5,0.2918292335772535,83.0,0.0005964083552824073
400014025,2023,0.5737704918032787,0.5449438202247191,0.5628415300546448,0.7317073170731707,,0.5824656504439423,83.0,4,0.5,0.2912328252219711,84.0,0.011841006872701954
985384406,2023,0.5573770491803278,0.5617977528089888,0.5573770491803278,,,0.5587836366985383,85.0,3,0.5,0.2793918183492691,85.0,0.005513320718699255
985710807,2023,0.546448087431694,0.550561797752809,0.546448087431694,,,0.5477569952611397,86.0,3,0.5,0.2738784976305699,86.0,0.0009691220549573609
985083805,2023,0.5409836065573771,0.5561797752808989,0.5409836065573771,,,0.545818751151225,87.0,3,0.5,0.2729093755756125,87.0,0.0020995272303064305
985681302,2023,0.4808743169398907,0.4831460674157303,0.4699453551912568,1.0,,0.5416196966906122,88.0,4,0.5,0.2708098483453061,88.0,0.006762463553904308
985350103,2023,0.5245901639344263,0.4887640449438202,0.4972677595628415,0.6829268292682927,,0.5280947695828037,89.0,4,0.5,0.2640473847914018,89.0,0.0018164923339482608
530011724,2023,0.5191256830601093,0.5280898876404494,0.5300546448087432,,,0.5244617849149071,90.0,3,0.5,0.2622308924574535,90.0,0.00033001780561181526
430113534,2023,0.4754098360655737,0.6235955056179775,0.4808743169398907,,,0.5238017493036834,91.0,3,0.5,0.2619008746518417,91.0,0.0006391042493454901
985741607,2023,0.5136612021857924,0.5337078651685393,0.5245901639344263,,,0.5225235408049924,92.0,3,0.5,0.2612617704024962,92.0,0.0069527007038520106
570009570,2023,0.5081967213114754,0.5056179775280899,0.5136612021857924,,,0.5086181393972885,93.0,3,0.5,0.2543090696986442,93.0,0.0009691220549574164
985043309,2023,0.5027322404371585,0.5112359550561798,0.5081967213114754,,,0.5066798952873737,94.0,3,0.5,0.2533399476436868,94.0,0.0009691220549573054
400096862,2023,0.4972677595628415,0.5168539325842697,0.5027322404371585,,,0.504741651177459,95.0,3,0.5,0.2523708255887295,95.0,0.0015900857906752663
580038870,2023,0.4918032786885246,0.5224719101123596,0.4918032786885246,,,0.5015614795961085,96.0,3,0.5,0.2507807397980542,96.0,0.009163750230244905
500032213,2023,0.4699453551912568,0.5,0.4863387978142076,,,0.4832339791356186,97.0,3,0.5,0.2416169895678093,97.0,0.004489986436477605
985711303,2023,0.4316939890710382,0.4606741573033708,0.448087431693989,,0.8,0.4742540062626634,98.0,4,0.5,0.2371270031313317,98.0,0.0006151378399950058
400083612,2023,0.4644808743169399,0.4662921348314606,0.4754098360655737,,0.5333333333333333,0.4730237305826734,99.0,4,0.5,0.2365118652913367,99.0,0.005573358841686388
580349898,2023,0.453551912568306,0.4719101123595505,0.4644808743169399,,,0.4618770128993007,100.0,3,0.5,0.2309385064496503,100.0,0.0014889379624385135
580002410,2023,0.4426229508196721,0.4550561797752809,0.3770491803278688,0.6585365853658537,,0.4588991369744237,101.0,4,0.5,0.2294495684872118,101.0,0.003252713215020381
580002241,2023,0.4590163934426229,0.4382022471910112,0.4590163934426229,,,0.4523937105443829,102.0,3,0.5,0.2261968552721914,102.0,0.0003767645138063047
985744304,2023,0.4371584699453552,0.4943820224719101,0.4207650273224044,,,0.4516401815167702,103.0,3,0.5,0.2258200907583851,103.0,0.004515592469175017
985732902,2023,0.448087431693989,0.4269662921348314,0.453551912568306,,,0.4426089965784202,104.0,3,0.5,0.2213044982892101,104.0,0.0053158682049822825
985712409,2023,0.4262295081967213,0.4325842696629213,0.4426229508196721,,,0.4319772601684556,105.0,3,0.5,0.2159886300842278,105.0,0.0019323799251154128
985354701,2023,0.4863387978142076,0.3820224719101123,0.3989071038251366,0.3902439024390244,,0.4281125003182248,106.0,4,0.5,0.2140562501591124,106.0,0.0007511243615490049
985612501,2023,0.4043715846994535,0.3314606741573033,0.3387978142076502,0.6341463414634146,,0.3984147464609662,114.0,4,0.5353846153846153,0.2133051257975634,107.0,0.001587888960599193
370021004,2023,0.4207650273224044,0.4213483146067415,0.4316939890710382,,,0.4234344736739285,107.0,3,0.5,0.2117172368369642,108.0,0.0015147328879139
985821708,2023,0.4153005464480874,0.4157303370786517,0.4371584699453552,,,0.4204050078981006,108.0,3,0.5,0.2102025039490503,109.0,0.00014281246983680052
985681204,2023,0.360655737704918,0.3539325842696629,0.3715846994535519,0.8536585365853658,,0.420119382958427,109.0,4,0.5,0.2100596914792135,110.0,0.0023645367764947856
900001432,2023,0.3387978142076502,0.3258426966292135,0.3278688524590163,0.902439024390244,0.6,0.4153903094054375,110.0,5,0.5,0.2076951547027187,111.0,0.0017640440009319969
985646205,2023,0.4098360655737705,0.4044943820224719,0.4262295081967213,,,0.4118622214035735,111.0,3,0.5,0.2059311107017867,112.0,0.0011951807632412104
985033106,2023,0.3879781420765027,0.4438202247191011,0.4043715846994535,,,0.409471859877091,112.0,3,0.5,0.2047359299385455,113.0,0.0024607800733980056
580010082,2023,0.3224043715846995,0.3202247191011236,0.3442622950819672,0.975609756097561,,0.4045502997302951,113.0,4,0.5,0.2022751498651475,114.0,0.0037961444635628006
580002877,2023,0.3442622950819672,0.3089887640449438,0.366120218579235,0.8292682926829268,,0.3969580108031694,115.0,4,0.5,0.1984790054015847,115.0,0.002530061179477794
250294997,2023,0.3989071038251366,0.3651685393258427,0.4153005464480874,,,0.3918978884442138,116.0,3,0.5,0.1959489442221069,116.0,7.53529027613109e-05
580002189,2023,0.3934426229508196,0.3764044943820224,0.4098360655737705,,,0.3917471826386912,117.0,3,0.5,0.1958735913193456,117.0,0.0008470224440015883
985530701,2023,0.3770491803278688,0.4101123595505618,0.3879781420765027,,,0.390053137750688,118.0,3,0.5,0.195026568875344,118.0,0.0008184162494349057
985794057,2023,0.3825136612021858,0.3932584269662921,0.3934426229508196,,,0.3884163052518183,119.0,3,0.5,0.1942081526259091,119.0,0.004619551566503094
985176001,2023,0.3715846994535519,0.3876404494382022,0.3825136612021858,,,0.3791772021188121,120.0,3,0.5,0.189588601059406,120.0,0.00936162069050489
580002803,2023,0.2896174863387978,0.2865168539325842,0.2950819672131147,0.8780487804878049,,0.3604539607378023,121.0,4,0.5,0.1802269803689011,121.0,7.619869559105652e-06
985793701,2023,0.273224043715847,0.2921348314606741,0.2131147540983606,0.4146341463414634,0.8666666666666667,0.3266664370456562,130.0,5,0.5516923076923077,0.180219360499342,122.0,0.004338708333922914
530004309,2023,0.3497267759562841,0.348314606741573,0.360655737704918,,,0.3517613043308383,122.0,3,0.5,0.1758806521654191,123.0,2.8606194566793697e-05
985462709,2023,0.3333333333333333,0.398876404494382,0.3224043715846995,,,0.3517040919417047,123.0,3,0.5,0.1758520459708523,124.0,0.0012705336660024102
430105873,2023,0.3005464480874317,0.449438202247191,0.3060109289617486,,,0.3491630246096999,124.0,3,0.5,0.1745815123048499,125.0,0.0009586563740182907
580024346,2023,0.366120218579235,0.3146067415730337,0.3551912568306011,,,0.3472457118616632,125.0,3,0.5,0.1736228559308316,126.0,0.002164302818198599
985814507,2023,0.3278688524590163,0.3595505617977528,0.3497267759562841,,,0.3429171062252661,126.0,3,0.5,0.171458553112633,127.0,0.002964578554005698
985794807,2023,0.2677595628415301,0.4775280898876404,0.2786885245901639,,,0.3369879491172547,127.0,3,0.5,0.1684939745586273,128.0,0.0018524255262143963
985426300,2023,0.3551912568306011,0.3370786516853932,0.2841530054644808,,,0.3332830980648258,128.0,3,0.5,0.1666415490324129,129.0,0.0027099136511551103
580064771,2023,0.3060109289617486,0.3707865168539326,0.3114754098360656,,,0.3278632707625156,129.0,3,0.5,0.1639316353812578,130.0,0.002605954553827089
989496732,2023,0.3114754098360656,0.3426966292134831,0.3169398907103825,,,0.3226513616548614,131.0,3,0.5,0.1613256808274307,131.0,0.004045334538979817
985794306,2023,0.3169398907103825,0.297752808988764,0.3333333333333333,,,0.3145606925769019,132.0,3,0.5,0.1572803462884509,132.0,0.005432502404780881
985496609,2023,0.2622950819672131,0.2808988764044944,0.273224043715847,,0.6666666666666666,0.30369568776734,133.0,4,0.5,0.15184784388367,133.0,0.004769581555642416
985454402,2023,0.2349726775956284,0.2191011235955056,0.2404371584699453,0.7560975609756098,,0.2941565246560552,134.0,4,0.5,0.1470782623280276,134.0,0.0013234216017372902
400095060,2023,0.2841530054644808,0.3033707865168539,0.2896174863387978,,,0.2915096814525807,135.0,3,0.5,0.1457548407262903,135.0,0.0006467318522944965
985795009,2023,0.2568306010928962,0.2696629213483146,0.2568306010928962,,,0.2609136120832566,138.0,3,0.5561538461538462,0.1451081088739958,136.0,9.633149437909827e-05
985670407,2023,0.2950819672131147,0.2752808988764045,0.3005464480874317,,,0.2900235547592335,136.0,3,0.5,0.1450117773796167,137.0,0.014082546075883606
400004029,2023,0.2076502732240437,0.1910112359550561,0.2021857923497267,0.7073170731707317,,0.2618584626074663,137.0,4,0.5,0.1309292313037331,138.0,0.003109437872790888
580003239,2023,0.2786885245901639,0.2359550561797752,0.2295081967213114,0.2682926829268293,,0.2556395868618845,139.0,4,0.5,0.1278197934309422,139.0,0.0009380639980984262
580001341,2023,0.2513661202185792,0.247191011235955,0.2677595628415301,,,0.2537634588656877,140.0,3,0.5,0.1268817294328438,140.0,0.0009691220549573887
985757509,2023,0.2459016393442623,0.2528089887640449,0.2622950819672131,,,0.2518252147557729,141.0,3,0.5,0.1259126073778864,141.0,0.006058931551655794
580085029,2023,0.2404371584699453,0.2303370786516854,0.2513661202185792,,,0.2397073516524612,142.0,3,0.5,0.1198536758262306,142.0,0.0011198278604798995
400000066,2023,0.2240437158469945,0.2584269662921348,0.2349726775956284,,,0.2374676959315014,143.0,3,0.5,0.1187338479657507,143.0,0.005560067426893703
500062007,2023,0.2295081967213114,0.2078651685393258,0.2459016393442623,,,0.226347561077714,144.0,3,0.5,0.113173780538857,144.0,0.0014679861797195076
985786707,2023,0.2131147540983606,0.2415730337078651,0.2185792349726776,,,0.223411588718275,145.0,3,0.5,0.1117057943591375,145.0,0.0008184162494348918
980885721,2023,0.2185792349726776,0.2247191011235955,0.2240437158469945,,,0.2217747562194053,146.0,3,0.5,0.1108873781097026,146.0,0.0007083336226285097
400087148,2023,0.1038251366120218,0.1516853932584269,0.1256830601092896,0.926829268292683,,0.2203580889741482,147.0,4,0.5,0.1101790444870741,147.0,0.002521843807906196
710029011,2023,0.1475409836065573,0.146067415730337,0.1639344262295081,0.6097560975609756,0.3333333333333333,0.2153144013583358,148.0,5,0.5,0.1076572006791679,148.0,0.001332449680690892
985346700,2023,0.1584699453551912,0.1573033707865168,0.174863387978142,0.5853658536585366,,0.212649501996954,149.0,4,0.5,0.106324750998477,149.0,0.0009792998020404092
985721702,2023,0.1857923497267759,0.2640449438202247,0.1857923497267759,,,0.2106909023928733,150.0,3,0.5,0.1053454511964366,150.0,0.0045155924691751
985612708,2023,0.2021857923497267,0.196629213483146,0.2076502732240437,,,0.2016597174545231,151.0,3,0.5,0.1008298587272615,151.0,0.0028320132621107996
985660302,2023,0.1912568306010929,0.2022471910112359,0.1967213114754098,,,0.1959956909303014,152.0,3,0.5,0.0979978454651507,152.0,9.504403890470137e-05
580005215,2023,0.1147540983606557,0.1123595505617977,0.1092896174863388,0.8048780487804879,,0.195805602852492,153.0,4,0.5,0.097902801426246,153.0,0.0047103960468802
370053821,2023,0.1420765027322404,0.1292134831460674,0.1420765027322404,0.4878048780487805,0.2666666666666666,0.1863848107587316,154.0,5,0.5,0.0931924053793658,154.0,0.0016195813254668012
400072412,2023,0.1256830601092896,0.1404494382022472,0.1311475409836065,0.5609756097560976,,0.1831456481077981,155.0,4,0.5,0.091572824053899,155.0,0.00034955328375038675
400108408,2023,0.1530054644808743,0.2134831460674157,0.1584699453551912,,,0.1734902906389368,159.0,3,0.5258119658119658,0.0912232707701486,156.0,0.00025347891161110747
580005000,2023,0.180327868852459,0.1853932584269663,0.180327868852459,,,0.181939583717075,156.0,3,0.5,0.0909697918585375,157.0,0.0008937691521962027
600002843,2023,0.174863387978142,0.1797752808988764,0.1912568306010929,,,0.1801520454126827,157.0,3,0.5,0.0900760227063413,158.0,0.0006879639516865904
985753107,2023,0.1967213114754098,0.1741573033707865,0.1475409836065573,,,0.1783645071082905,158.0,3,0.5011538461538461,0.0893880587546547,159.0,0.004389099536843702
580046998,2023,0.1311475409836065,0.1235955056179775,0.1366120218579235,0.4634146341463415,,0.169997918435622,160.0,4,0.5,0.084998959217811,160.0,0.000550333341486603
580111183,2023,0.1202185792349726,0.1067415730337078,0.1202185792349726,0.5365853658536586,0.2,0.1688972517526489,161.0,5,0.5,0.0844486258763244,161.0,0.0007796930408783959
985794709,2023,0.1693989071038251,0.1629213483146067,0.1693989071038251,,,0.167337865670892,162.0,3,0.5,0.083668932835446,162.0,0.0022110495263931024
580006446,2023,0.1639344262295081,0.1685393258426966,0.1530054644808743,,,0.1629157666181059,163.0,3,0.5,0.0814578833090529,163.0,0.0008759887260622046
580006061,2023,0.1092896174863388,0.1179775280898876,0.1147540983606557,0.5121951219512195,,0.1611637891659815,164.0,4,0.5,0.0805818945829907,164.0,0.0016077386495810947
580004915,2023,0.081967213114754,0.0842696629213483,0.087431693989071,0.3170731707317073,0.7333333333333333,0.1579483118668193,165.0,5,0.5,0.0789741559334096,165.0,0.01214893096721631
985451705,2023,0.1366120218579235,0.1348314606741573,0.1038251366120218,0.1707317073170731,,0.1336504499323866,166.0,4,0.5,0.0668252249661933,166.0,0.009494015128031191
985710306,2023,0.0655737704918032,0.0730337078651685,0.0765027322404371,0.4390243902439024,,0.1146624196763242,167.0,4,0.5,0.0573312098381621,167.0,0.001144634669367102
100034834,2023,0.087431693989071,0.0786516853932584,0.0928961748633879,0.2926829268292683,0.1333333333333333,0.11237315033759,168.0,5,0.5,0.056186575168795,168.0,0.001905787830519104
985452408,2023,0.0710382513661202,0.1011235955056179,0.0710382513661202,0.3414634146341463,0.0666666666666666,0.1085615746765519,169.0,5,0.5,0.0542807873382759,169.0,0.0025525192902437002
118021424,2023,0.0983606557377049,0.0898876404494382,0.081967213114754,,,0.0919389139134948,171.0,3,0.5626373626373626,0.0517282680480322,170.0,0.001994058130731599
985546003,2023,0.0928961748633879,0.095505617977528,0.0983606557377049,,,0.0949683796893227,170.0,3,0.5236923076923077,0.0497342099173006,171.0,0.005267352465524795
580000809,2023,0.0765027322404371,0.0674157303370786,0.0655737704918032,0.2195121951219512,,0.0889337149035516,172.0,4,0.5,0.0444668574517758,172.0,0.00013643980610000134
985786108,2023,0.0491803278688524,0.0505617977528089,0.0546448087431694,0.3658536585365853,,0.0886608352913516,173.0,4,0.5,0.0443304176456758,173.0,0.0099745081853512
985052701,2023,0.0163934426229508,0.0280898876404494,0.0218579234972677,0.1951219512195122,0.4,0.0687118189206492,174.0,5,0.5,0.0343559094603246,174.0,0.00017127030340700206
985313100,2023,0.0327868852459016,0.0224719101123595,0.0437158469945355,,0.4666666666666667,0.0682118663146476,175.0,4,0.5011538461538461,0.0341846391569176,175.0,0.0028758443227914
985795500,2023,0.0273224043715847,0.0449438202247191,0.0491803278688524,0.2439024390243902,,0.0626175896682525,176.0,4,0.5,0.0313087948341262,176.0,0.000873427177674
985347206,2023,0.0601092896174863,0.0617977528089887,0.0327868852459016,0.048780487804878,,0.053758122219277,178.0,4,0.5661538461538462,0.0304353676564522,177.0,0.0021827520949401005
710034905,2023,0.0546448087431694,0.0561797752808988,0.0601092896174863,,,0.056375134658428,177.0,3,0.5011538461538461,0.0282526155615121,178.0,0.0030212629858613997
640006257,2023,0.0382513661202185,0.0393258426966292,0.0382513661202185,0.0975609756097561,,0.045669372700358,179.0,4,0.5524786324786326,0.0252313525756507,179.0,0.004480016563431201
640351830,2023,0.0218579234972677,0.0337078651685393,0.0273224043715847,0.1463414634146341,,0.0412068281301711,180.0,4,0.5035897435897436,0.0207513360122195,180.0,0.0046760761772951
650003624,2023,0.0437158469945355,0.0168539325842696,0.0163934426229508,0.024390243902439,,0.0284109577142925,181.0,4,0.5658119658119658,0.0160752598349244,181.0,0.004512608629200998
530000266,2023,0.0081967213114754,0.0084269662921348,0.0081967213114754,0.1219512195121951,,0.0219117296901464,182.0,4,0.5276923076923077,0.0115626512057234,182.0,0.0028962337277708
985336900,2023,0.0081967213114754,0.0084269662921348,0.0081967213114754,0.073170731707317,,0.016058071153561,183.0,4,0.5396923076923077,0.0086664174779526,183.0,
