page,block_id,x0,y0,x1,y1,text
1,0,41.92728805541992,500.87579345703125,167.57327270507812,514.0313110351562,シンフォニアテクノロジー株式会社
1,1,37.726287841796875,513.6317138671875,122.5611801147461,526.7872314453125,（証券コード：6507）
1,2,350.186279296875,142.5326385498047,500.207275390625,223.1853485107422,第101期
1,3,370.20709228515625,211.0260772705078,480.18707275390625,258.1260681152344,報 告 書
1,4,352.2101745605469,265.00775146484375,499.1930236816406,277.63189697265625,2024年4月1日　　2025年3月31日
1,5,340.01568603515625,433.7890930175781,510.0948486328125,446.9447937011719,"株主の皆様へ 
 P.  1"
1,6,340.01483154296875,448.7890930175781,510.0948486328125,461.94586181640625,"事業報告 
 P.  2"
1,7,340.01483154296875,463.7890930175781,510.09478759765625,476.9458312988281,"連結貸借対照表 
 P.16"
1,8,340.0148010253906,478.7890930175781,510.09478759765625,491.9458312988281,"連結損益計算書 
 P.17"
1,9,335.3631286621094,493.7890930175781,510.09478759765625,506.9458312988281,（ご参考）連結キャッシュ・フロー計算書   P.18
1,10,340.0148010253906,508.7890625,510.09478759765625,521.9458618164062,"貸借対照表 
 P.19"
1,11,340.0148010253906,523.7890625,510.09478759765625,536.9458618164062,"損益計算書 
 P.20"
1,12,335.3631286621094,538.7890625,510.09478759765625,551.9458618164062,"（ご参考）トピックス 
 P.21"
1,13,340.01568603515625,416.0714416503906,388.0799865722656,429.65509033203125,Contents
2,0,22.53538703918457,23.2740478515625,118.53538513183594,48.5860481262207,株主の皆様へ
2,1,46.62984848022461,539.3404541015625,168.96875,550.16943359375,"SINFONIA TECHNOLOGY CO.,LTD."
2,2,56.579429626464844,101.48461151123047,276.7177429199219,114.58283233642578,平素は格別のご高配を賜り誠にありがとうございます。
2,3,56.579429626464844,114.93193817138672,334.8116455078125,128.0301513671875,当社グループはこの３月31日をもちまして、第101期事業年度を終了
2,4,56.58238983154297,128.3792724609375,293.6544189453125,141.47747802734375,いたしましたので、業績の概況をここにご報告申し上げます。
2,5,56.58238983154297,155.27398681640625,334.99188232421875,168.3721923828125,"当社グループは、2024年度売上高1,191億円、営業利益率13.2%、自"
2,6,56.576393127441406,168.7213134765625,334.99273681640625,181.81951904296875,己資本利益率(ROE)15.7%となり、中期経営計画「SINFONIA NEW
2,7,56.576377868652344,182.16864013671875,334.9936828613281,195.266845703125,STAGE 2024」最終年度における数値目標を全て達成することができま
2,8,56.58135223388672,195.615966796875,334.9920654296875,208.71417236328125,した。2025年度よりスタートした３ヵ年の新中期経営計画「SINFONIA
2,9,56.57738494873047,209.06329345703125,334.992919921875,222.1614990234375,NEXT DREAM」においては、長期目標である「社会・顧客・自らに響く
2,10,56.57738494873047,222.5106201171875,334.75067138671875,235.60882568359375,挑戦と成長企業への変革」を見据えて、さらなる企業価値向上に向けた
2,11,56.58136749267578,235.95794677734375,158.18365478515625,249.05615234375,取組を進めてまいります。
2,12,56.58136749267578,262.8526611328125,334.989013671875,275.95086669921875,株主の皆様におかれましては、何卒、より一層のご支援を賜りますよ
2,13,56.57738494873047,276.29998779296875,149.71282958984375,289.398193359375,うお願い申し上げます。
2,14,356.3944091796875,306.19744873046875,504.31103515625,317.75469970703125,"代表取締役会長
代表取締役社長"
2,15,69.0321273803711,338.66632080078125,352.9041748046875,369.0681457519531,企業理念
2,16,101.52692413330078,378.2022705078125,249.44784545898438,437.09747314453125,"「一歩先を行く技術」
「地球を大切にする心」
「思いやりのある行動」"
2,17,120.3155288696289,445.8999938964844,230.65353393554688,460.5391540527344,私たちはこの3つを大切に
2,18,142.36312866210938,463.82891845703125,208.60379028320312,478.46807861328125,人から宇宙まで
2,19,85.58802032470703,481.7579345703125,265.38409423828125,496.3970947265625,豊かな暮らしと社会の発展に貢献します。
2,21,397.6950378417969,514.3078002929688,400.6649169921875,522.036376953125,0
2,22,384.6635437011719,473.9911804199219,400.6649169921875,481.71978759765625,"60,000"
2,23,381.6932678222656,393.3547668457031,400.6645202636719,401.0833740234375,"180,000"
2,24,384.662841796875,494.1492004394531,400.6642150878906,501.8778076171875,"30,000"
2,25,384.662841796875,453.8315734863281,400.6642150878906,461.5601806640625,"90,000"
2,26,381.6927490234375,433.6724853515625,400.66400146484375,441.4010925292969,"120,000"
2,27,381.6927490234375,413.5133972167969,400.66400146484375,421.24200439453125,"150,000"
2,28,409.1691589355469,519.0723266601562,430.04833984375,532.9860229492188,"98期
2021年度"
2,29,441.23089599609375,519.0723266601562,462.1100769042969,532.9860229492188,"99期
2022年度"
2,30,473.2921142578125,519.0723266601562,494.1712951660156,532.9860229492188,"100期
2023年度"
2,31,413.73638916015625,436.8119812011719,432.8111267089844,443.8486633300781,"110,465"
2,32,403.078125,476.5505676269531,419.1829833984375,483.5872497558594,"51,327"
2,33,445.7994384765625,426.9791259765625,464.8741760253906,434.01580810546875,"125,095"
2,34,435.1422424316406,464.9458923339844,451.2471008300781,471.9825744628906,"68,596"
2,35,477.85906982421875,437.9412536621094,496.9338073730469,444.9779357910156,"108,781"
2,36,467.2034912109375,474.9947509765625,483.308349609375,482.03143310546875,"53,642"
2,37,509.9202880859375,414.5603332519531,528.9950561523438,421.5970153808594,"143,577"
2,38,499.26519775390625,462.4577331542969,515.3701171875,469.4944152832031,"72,300"
2,39,505.3533630371094,519.0723266601562,526.2325439453125,532.9860229492188,"101期
2024年度"
2,40,381.5921630859375,368.1474609375,414.59088134765625,385.150390625,受注高
2,41,378.8525695800781,386.81768798828125,531.8230590820312,394.5462951660156,"（百万円）
■中間　■通期"
2,42,22.53582000732422,538.1995849609375,30.12582015991211,549.6995849609375,1
3,0,22.53538703918457,23.2740478515625,280.9353942871094,48.5860481262207,事業報告（2024年４月１日より2025年３月31日まで）
3,1,399.09466552734375,539.3404541015625,521.4336547851562,550.16943359375,"SINFONIA TECHNOLOGY CO.,LTD."
3,2,542.275634765625,91.89385986328125,550.275634765625,491.9371643066406,"事
業
報
告
連
結
計
算
書
類
計
算
書
類
ト
ピ
ッ
ク
ス"
3,3,36.89043426513672,54.42074966430664,182.97845458984375,71.00581359863281,"■
1   企業集団の現況に関する事項"
3,4,36.99834060668945,441.90093994140625,52.99174880981445,449.6257019042969,"90,000"
3,5,34.02963638305664,393.543212890625,52.99144744873047,401.2679748535156,"150,000"
3,6,36.99834060668945,490.2586669921875,52.99174880981445,497.9834289550781,"30,000"
3,7,36.99834060668945,466.0792541503906,52.99174880981445,473.80401611328125,"60,000"
3,8,34.02963638305664,417.72161865234375,52.99144744873047,425.4463806152344,"120,000"
3,9,50.023040771484375,514.43701171875,52.99144744873047,522.1618041992188,0
3,10,67.53903198242188,434.9394836425781,83.6358871459961,441.9726257324219,"94,585"
3,11,55.40195083618164,478.9383239746094,71.4988021850586,485.9714660644531,"39,992"
3,12,61.491477966308594,519.1981811523438,82.36026763916016,533.10498046875,"98期
2021年度"
3,13,98.09970092773438,423.4761962890625,117.16496276855469,430.50933837890625,"108,808"
3,14,87.45022583007812,471.635009765625,103.54708099365234,478.66815185546875,"49,054"
3,15,93.53726196289062,519.1981811523438,114.40604400634766,533.10498046875,"99期
2022年度"
3,16,130.14547729492188,428.4335021972656,149.2107391357422,435.4666442871094,"102,657"
3,17,119.49590301513672,473.4582824707031,135.59275817871094,480.4914245605469,"46,792"
3,18,125.58252716064453,519.1981811523438,146.45132446289062,533.10498046875,"100期
2023年度"
3,19,162.19076538085938,415.14105224609375,181.25599670410156,422.1741943359375,"119,150"
3,20,151.5411834716797,469.4600830078125,167.6380157470703,476.49322509765625,"51,753"
3,21,157.6278076171875,519.1981811523438,178.49658203125,533.10498046875,"101期
2024年度"
3,22,33.92719268798828,368.3484191894531,66.90946960449219,385.3428649902344,売上高
3,23,31.18896484375,387.0103759765625,184.08279418945312,394.7351379394531,"■中間　■通期
（百万円）"
3,24,201.4994354248047,474.1398620605469,215.97166442871094,481.8646240234375,"6,000"
3,25,198.2012176513672,393.54180908203125,215.97166442871094,401.2665710449219,"18,000"
3,26,198.2012176513672,433.83831787109375,215.97166442871094,441.5630798339844,"12,000"
3,27,201.4994354248047,453.99078369140625,215.97166442871094,461.7155456542969,"9,000"
3,28,198.2012176513672,413.6942443847656,215.97166442871094,421.41900634765625,"15,000"
3,29,201.4994354248047,494.2889099121094,215.97166442871094,502.013671875,"3,000"
3,30,212.67263793945312,514.4375,215.9708709716797,522.1622924804688,0
3,31,256.5157775878906,519.19677734375,277.3845520019531,533.1035766601562,"99期
2022年度"
3,32,232.00213623046875,458.12451171875,245.13058471679688,465.15765380859375,"7,898"
3,33,221.3515625,499.9401550292969,234.48001098632812,506.9732971191406,"1,672"
3,34,224.47048950195312,519.19677734375,245.33929443359375,533.1035766601562,"98期
2021年度"
3,35,262.5633239746094,430.5946350097656,278.6601867675781,437.6277770996094,"11,997"
3,36,253.3968505859375,481.8869934082031,266.5252990722656,488.9201354980469,"4,360"
3,37,288.56103515625,519.19677734375,309.4298400878906,533.1035766601562,"100期
2023年度"
3,38,294.606201171875,440.4342041015625,310.70306396484375,447.46734619140625,"10,532"
3,39,285.4397277832031,488.5832214355469,298.56817626953125,495.6163635253906,"3,363"
3,40,320.6068115234375,519.19677734375,341.4756164550781,533.1035766601562,"101期
2024年度"
3,41,326.6514892578125,404.10589599609375,342.7483215332031,411.1390380859375,"15,941"
3,42,317.4855041503906,471.36285400390625,330.61395263671875,478.39599609375,"5,927"
3,43,196.90670776367188,368.3484191894531,240.88307189941406,385.3428649902344,経常利益
3,44,194.16697692871094,387.0103759765625,347.0621032714844,394.7351379394531,"（百万円）
■中間　■通期"
3,45,364.4779357910156,490.2581787109375,378.95013427734375,497.9829406738281,"3,000"
3,46,361.1797180175781,393.5464782714844,378.95013427734375,401.271240234375,"15,000"
3,47,364.4779357910156,441.90234375,378.95013427734375,449.6271057128906,"9,000"
3,48,364.4779357910156,466.0797424316406,378.95013427734375,473.80450439453125,"6,000"
3,49,361.1797180175781,417.7239074707031,378.95013427734375,425.44866943359375,"12,000"
3,50,375.651123046875,514.43701171875,378.9493408203125,522.1618041992188,0
3,51,419.49615478515625,519.1986083984375,440.36260986328125,533.104248046875,"99期
2022年度"
3,52,394.9791259765625,466.09344482421875,408.10760498046875,473.1265869140625,"5,593"
3,53,384.32666015625,502.23260498046875,397.4551086425781,509.2657470703125,"1,109"
3,54,387.4508972167969,519.1986083984375,408.31732177734375,533.104248046875,"98期
2021年度"
3,55,427.02490234375,445.9044494628906,440.15338134765625,452.9375915527344,"8,098"
3,56,416.3724365234375,486.6131286621094,429.5008850097656,493.6462707519531,"3,047"
3,57,451.54144287109375,519.1986083984375,472.40789794921875,533.104248046875,"100期
2023年度"
3,58,459.0701904296875,450.6755065917969,472.1986389160156,457.7086486816406,"7,506"
3,59,448.417724609375,492.3355407714844,461.5461730957031,499.3686828613281,"2,337"
3,60,483.58673095703125,519.1986083984375,504.4531555175781,533.104248046875,"101期
2024年度"
3,61,489.6309814453125,413.5645446777344,505.7278137207031,420.5976867675781,"12,097"
3,62,480.4635009765625,476.68389892578125,493.5919494628906,483.717041015625,"4,279"
3,63,359.75146484375,368.3484191894531,509.6958923339844,385.3428649902344,親会社株主に帰属する当期（中間）純利益
3,64,357.146484375,387.0103759765625,510.04180908203125,394.7351379394531,"（百万円）
■中間　■通期"
3,65,33.905723571777344,74.26882934570312,510.0478820800781,99.89496612548828,"⑴事業の経過及びその成果
　当連結会計年度における当社グループを取り巻く経営環境は、防衛力整備計画の大幅な拡充による航空宇宙関連機器の需要"
3,66,33.905723571777344,99.74602508544922,510.0903015136719,112.84424591064453,活況、AI関連投資による半導体製造装置需要の緩やかな回復、半導体製造工場建設に伴う設備工事需要の増加等により堅調に
3,67,33.905723571777344,112.69530487060547,110.10740661621094,125.79352569580078,推移いたしました。
3,68,33.905723571777344,125.64458465576172,512.9093017578125,138.7427978515625,このような経営環境の下、当社グループは、2024年度を最終年度とする３ヵ年の中期経営計画「SINFONIA NEW
3,69,33.89775848388672,138.5938720703125,510.0896301269531,151.69207763671875,STAGE 2024」を終了いたしました。本中期経営計画では、①技術開発力強化による製品構成の改革、②脱炭素・環境負荷
3,70,33.90569305419922,151.54315185546875,510.0140686035156,164.641357421875,低減への取組、③グローバル事業拡大、④製品競争力・生産力の強化、⑤組織・文化の改革の５つを基本方針として掲げてお
3,71,33.90569305419922,164.492431640625,510.0480041503906,177.59063720703125,り、この基本方針に沿って半導体分野を成長ドライバーとする中長期戦略を描き、同分野の事業拡大に努めるとともに、モー
3,72,33.90569305419922,177.44171142578125,510.0838928222656,190.5399169921875,タードライブなどのコア技術の強化、自動化・電動化に貢献する製品の開発を進めてまいりました。また、経営基盤強化に向
3,73,33.89971923828125,190.3909912109375,459.1983947753906,203.48919677734375,けて、DX(デジタルトランスフォーメーション)の推進及びそれを支える人財の教育に取り組んでまいりました。
3,74,33.89971923828125,203.34027099609375,510.0843200683594,216.4384765625,最終年度である当連結会計年度においては、航空宇宙分野の需要増加への対応に取り組み、受注拡大に繋げるとともに、将
3,75,33.89971923828125,216.28955078125,510.0586853027344,229.38775634765625,来に向けた技術開発を進めてまいりました。また、半導体後工程搬送向けのロードポート・自律走行ロボット(AMR)や、当社
3,76,33.89971923828125,229.23883056640625,510.0843200683594,242.3370361328125,の強みである特殊環境下での制御技術、高速・高精度のモータ技術を活用したモータ製品の開発を進め、事業領域の拡大を図
3,77,33.89971923828125,242.1881103515625,510.0848693847656,255.28631591796875,りました。新分野として期待する再生医療分野においては、自動細胞培養装置「CellQualia™（セルクオリア）」を初納入
3,78,33.90367889404297,255.13739013671875,510.0882263183594,268.235595703125,し、商品力強化に向けてさらなる開発を進めました。一方、外部環境の変化に対応するため、既存製品の販売価格の適正化や
3,79,33.90367889404297,268.086669921875,279.4425354003906,281.18487548828125,コストダウン、及び調達先の多様化を推し進めてまいりました。
3,80,33.90367889404297,281.0359802246094,509.8580017089844,294.1341857910156,"このような取組を推進することにより、本中期経営計画の最終年度における数値目標である売上高1,100億円、営業利益率"
3,81,33.902679443359375,293.98529052734375,393.24456787109375,307.08349609375,9.0%以上、自己資本利益率(ROE)10.0%以上を全て達成し、過去最高益を更新いたしました。
3,82,33.902679443359375,306.9346008300781,510.0836486816406,320.0328063964844,"企業集団の連結業績につきましては、受注高は1,435億77百万円（前連結会計年度比32.0％増）、売上高は1,191億50百"
3,83,33.899681091308594,319.8839111328125,510.0898132324219,332.98211669921875,万円（同16.1％増）となりました。損益面につきましては、経常利益は159億41百万円（同51.4％増）となり、親会社株主
3,84,33.90569305419922,332.8332214355469,309.3833312988281,345.9314270019531,に帰属する当期純利益は120億97百万円（同61.2％増）となりました。
3,85,33.90569305419922,345.78253173828125,372.5799865722656,358.8807373046875,当連結会計年度におけるセグメント別概況は、３～４ページに記載の通りであります。
3,86,536.475830078125,538.1995849609375,544.0658569335938,549.6995849609375,2
4,0,22.53538703918457,23.2740478515625,214.53536987304688,48.5860481262207,セグメント別概況（連結）
4,1,46.62984848022461,539.3404541015625,168.96875,550.16943359375,"SINFONIA TECHNOLOGY CO.,LTD."
4,2,69.00523376464844,243.9429168701172,236.35006713867188,266.0045471191406,クリーン搬送システム事業
4,3,66.01713562011719,273.39337158203125,280.48980712890625,286.18121337890625,"受注高
260億96百万円
(前連結会計年度比 32.1％増)"
4,4,66.01852416992188,285.8440246582031,280.4913024902344,298.6319580078125,"売上高
251億43百万円
(前連結会計年度比 15.3％増)"
4,5,66.02003479003906,298.2947082519531,280.4927978515625,311.0826721191406,"営業利益
40億24百万円
(前連結会計年度比 21.5％増)"
4,6,125.20311737060547,369.916259765625,212.85986328125,387.0641174316406,クリーン搬送機器
4,7,125.20528411865234,385.434814453125,281.58551025390625,440.275634765625,"精密なデバイス加工精度と高度なクリーン搬送技術
が求められる半導体製造工程において、世界のトップ
ブランドとして信頼を集めています。大気搬送技術は
もちろん、独自開発のN２パージ機構を持つロードポー
トや真空搬送技術で、より微細化と歩留まり向上の要
求が高まる半導体メーカーの期待に応えています。"
4,8,86.02656555175781,182.4136505126953,123.20030212402344,194.9395294189453,2023年度
4,9,145.64495849609375,89.49036407470703,191.6113739013672,106.08815002441406,"エンジニアリング＆
サービス事業"
4,10,213.65536499023438,88.03067779541016,274.9440612792969,97.42508697509766,クリーン搬送システム事業
4,11,218.76275634765625,170.29327392578125,274.9440612792969,186.89105224609375,"パワーエレクトロニクス
機器事業"
4,12,152.87271118164062,168.31884765625,198.83914184570312,177.7132568359375,モーション機器事業
4,13,214.53062438964844,112.2004165649414,241.1982879638672,127.85775756835938,21.1％
4,14,187.62213134765625,133.50430297851562,245.36251831054688,156.22357177734375,"22.1％
36.3％"
4,15,106.63255310058594,110.5443344116211,211.5842742919922,127.8582534790039,"20.5％
21.2％"
4,16,79.72345733642578,134.0719757080078,137.1808319091797,156.2240753173828,"22.6％
36.2％"
4,17,76.98419189453125,110.54483795166016,103.65184783935547,126.20217895507812,20.0％
4,18,193.89930725097656,182.4136505126953,231.0730438232422,194.9395294189453,2024年度
4,19,62.03288269042969,77.65621185302734,134.13711547851562,96.44502258300781,売上高構成比
4,20,62.029518127441406,213.43453979492188,278.68145751953125,224.99179077148438,当連結会計年度におけるセグメント別概況は以下の通りです。
4,21,62.029518127441406,315.4431457519531,279.7845764160156,366.8443908691406,"半導体製造装置の需要が徐々に戻りつつあることから、受注高
は260億96百万円(前連結会計年度比32.1％増)となりました。
売上高は251億43百万円(同15.3%増)となり、損益面につきま
しては、売上高の増加により営業利益は40億24百万円(同21.5%
増)となりました。"
4,23,311.54949951171875,82.31095886230469,437.0581359863281,104.3725814819336,モーション機器事業
4,24,308.5534362792969,111.76153564453125,524.124267578125,124.54943084716797,"受注高
664億75百万円
(前連結会計年度比 55.2%増)"
4,25,308.5534362792969,124.21221923828125,524.124267578125,137.00018310546875,"売上高
433億30百万円
(前連結会計年度比 16.9%増)"
4,26,308.5534362792969,136.66290283203125,524.1243896484375,149.45086669921875,"営業利益
48億47百万円
(前連結会計年度比 50.3%増)"
4,27,370.6136169433594,212.76673889160156,414.4419860839844,229.91461181640625,航空宇宙
4,28,370.608642578125,228.28546142578125,529.2421264648438,274.161376953125,"我が国唯一の航空機用電源システムメーカーとし
て、発電機をはじめとした航空機用電装品等を提供。
また、ヘリコプター用レスキューホイストなど人命救
助に役立つ製品からロケット用制御システムなど宇宙
分野で活躍する製品まで幅広く提供しています。"
4,29,370.61273193359375,277.5102844238281,458.2695007324219,294.65814208984375,大型搬送システム
4,30,370.6067810058594,293.0290222167969,529.2410278320312,347.8698425292969,"巨大な航空機の牽引をはじめ、乗客の乗り降り、貨
物の搬入搬出を担う空港用地上支援車両など、空港運
営に不可欠な重量物搬送を行う特殊車両を提供。さら
に、港湾、倉庫、造船所における超重量物搬送で活躍
する産業用特殊車両など、用途に特化した各種車両を
提供しています。"
4,31,370.6058349609375,351.2183837890625,498.7911682128906,368.3662414550781,モーションコントロール機器
4,32,370.6093444824219,366.7369079589844,535.7128295898438,421.5777282714844,"産業用電磁クラッチ・ブレーキからOA機器用マイ
クロ電磁クラッチ、自動車用電磁クラッチ、自動車用
制振装置、鉄道用ブレーキ、建設機械用コントロー
ラ、産業用サーボアクチュエータなど、豊富なバリ
エーションを提供。様々な機器の動作制御に関わる　
モーションシステム製品を幅広く提供しています。"
4,33,370.6076354980469,424.9264221191406,458.2643737792969,442.07427978515625,プリンタシステム
4,34,370.607666015625,440.4451599121094,529.2398071289062,495.2859802246094,"アミューズメント施設や街中で見られるシールプリ
ントやカードゲーム機、各種プリントサービスに使わ
れている昇華型プリンタを提供。世界初の両面プリン
タやツインヘッド方式によるホログラムプリンタを開
発するなど、プリント＆ビジュアル分野の可能性を広
げています。"
4,35,304.5697937011719,153.80667114257812,527.3032836914062,205.20791625976562,"防衛省向け電装品等の増加により航空宇宙関連機器が増加した
ことから、受注高は664億75百万円(前連結会計年度比55.2％増)
となりました。売上高は433億30百万円(同16.9％増)となり、損
益面につきましては、売上高の増加及び利益率の改善により営業
利益は48億47百万円(同50.3%増)となりました。"
4,36,22.53582000732422,538.1995849609375,30.12582015991211,549.6995849609375,3
5,0,399.09466552734375,539.3404541015625,521.4336547851562,550.16943359375,"SINFONIA TECHNOLOGY CO.,LTD."
5,1,542.275634765625,91.89385986328125,550.275634765625,491.9371643066406,"事
業
報
告
連
結
計
算
書
類
計
算
書
類
ト
ピ
ッ
ク
ス"
5,2,46.328025817871094,81.31504821777344,255.50909423828125,103.37667083740234,パワーエレクトロニクス機器事業
5,3,43.339927673339844,110.7655029296875,256.9160461425781,123.55345916748047,"受注高
268億77百万円
(前連結会計年度比 10.8%増)"
5,4,43.337432861328125,123.21624755859375,256.9135437011719,136.004150390625,"売上高
262億73百万円
(前連結会計年度比 13.1%増)"
5,5,43.342933654785156,135.66693115234375,256.67694091796875,148.454833984375,"営業利益
34億4百万円
(前連結会計年度比 115.5%増)"
5,6,102.52552032470703,222.2293243408203,212.09646606445312,239.377197265625,社会インフラシステム
5,7,102.52849578857422,237.748046875,258.92059326171875,283.62396240234375,"上下水道の監視制御システム、道路管理用電気設
備、さらには再生可能エネルギー発電装置を核とした
小規模スマートグリッドシステムなどを提供。安心と
快適、そして省エネルギーを実現しながら信頼できる
社会インフラを支えています。"
5,8,102.52571868896484,286.9728698730469,146.35409545898438,304.1207275390625,振動機器
5,9,102.52771759033203,302.4916076660156,258.92327880859375,348.3675231933594,"振動機器のトップメーカーとして、食品・化学・リ
サイクルなど、あらゆる業界へ振動コンベヤ等を提
供。また、スマートフォン等に使われる微小部品から
ネジなどの大形部品まで様々な生産・加工ラインにお
ける部品供給・整列搬送システムを提供しています。"
5,10,102.52832794189453,351.7165222167969,212.09927368164062,368.8643798828125,産業インフラシステム
5,11,102.52811431884766,367.2352600097656,258.9181213378906,413.11016845703125,"液化天然ガス搬送用のサブマージドモータ、資源リ
サイクルで金属ハンドリングを効率化するリフマグ®、
高度な金属素材開発を実現する超高真空溶解炉、さら
には航空機駐機中のCO2排出量を削減するGPUなど
を提供し、持続可能な未来の実現に貢献しています。"
5,12,102.52962493896484,416.46014404296875,190.18637084960938,433.6080017089844,自動車用試験装置
5,13,102.53162384033203,431.9788818359375,258.9216613769531,477.85479736328125,"スピーディーな開発や安全性が求められる自動車産
業において、衝突試験装置等の各種実験装置・検証装
置を数多く提供。ハイブリッド自動車・電気自動車な
ど、時代の要求に応える最先端自動車の開発に貢献し
ています。"
5,14,39.502525329589844,152.81063842773438,262.03814697265625,214.17288208007812,"上下水道施設向けの電気設備が増加したことから、受注高は
268億77百万円(前連結会計年度比10.8％増)となりました。売上
高は高水準の期初受注残高を背景に、262億73百万円(同13.1％
増)となりました。損益面につきましては、売上高の増加及び利益
率の改善により営業利益は34億4百万円(同115.5%増)となりまし
た。"
5,15,288.9220886230469,81.31504821777344,498.1030578613281,103.37667083740234,エンジニアリング＆サービス事業
5,16,285.926025390625,110.7655029296875,500.8966064453125,123.55345916748047,"受注高
241億26百万円
(前連結会計年度比 10.1％増)"
5,17,285.926025390625,123.21624755859375,500.0001220703125,136.004150390625,"売上高
244億3百万円
(前連結会計年度比 18.8%増)"
5,18,285.929931640625,135.66693115234375,500.00677490234375,148.454833984375,"営業利益
34億7百万円
(前連結会計年度比 73.7%増)"
5,19,350.4264221191406,227.2095489501953,506.5659484863281,244.357421875,シンフォニアエンジニアリング㈱
5,20,350.4220275878906,242.72808837890625,509.05120849609375,279.63909912109375,"当社製品の保守・サービス業務、公共、民間の電気
工事、管工事、搬送工事等の設計施工業務及び情報機
器（券売機、入退場システム等）の製造・販売・サー
ビス業務を主要事業として展開しております。"
5,21,281.9422607421875,152.81063842773438,509.5561828613281,214.17288208007812,"台湾を中心として半導体製造工場向け搬送設備工事等が増加した
ことから、受注高は241億26百万円(前連結会計年度比10.1％増)と
なりました。売上高は半導体製造工場向け搬送設備工事や、官需向
け電気設備工事の増加により244億3百万円(同18.8％増)となりま
した。損益面につきましては、売上高の増加及び利益率の改善によ
り営業利益は34億7百万円(同73.7%増)となりました。"
5,22,289.41302490234375,296.00299072265625,509.5557556152344,370.3145751953125,"エンジニアリング＆サービス事業は、上記の他、保険代理業、
運送業、労働者派遣業や当社グループ内の経理・給与業務を請け
負うシンフォニア商事㈱、ソフトウェア開発やOA機器の販売を
行う㈱アイ・シー・エスにより構成されています。
（注）当社の完全子会社であるシンフォニアエンジニアリング㈱
及び㈱Ｓ＆Ｓエンジニアリングは、2024年4月1日を効力発生日
として、シンフォニアエンジニアリング㈱を存続会社、㈱Ｓ＆Ｓ
エンジニアリングを消滅会社とする吸収合併を行いました。"
5,23,536.475830078125,538.1995849609375,544.0658569335938,549.6995849609375,4
6,0,46.62984848022461,539.3404541015625,168.96875,550.16943359375,"SINFONIA TECHNOLOGY CO.,LTD."
6,1,56.579429626464844,79.12173461914062,124.31428527832031,92.37235260009766,⑵対処すべき課題
6,2,56.579429626464844,92.27227020263672,532.7647705078125,105.37049102783203,2025年度の当社グループを取り巻く経営環境は、米国における関税政策の動向やこれに伴う地政学的リスクの高まりによ
6,3,56.576438903808594,105.71959686279297,532.6509399414062,118.81781768798828,り、先行きは不透明な状況です。一方で、半導体市況においては生産プロセスの変化による新たな需要が見込まれ、航空宇宙
6,4,56.576438903808594,119.16692352294922,513.7867431640625,132.26513671875,分野も需要が増加していることから、当社グループにおきましてもさらなる事業拡大の好機にあると期待しております。
6,5,56.576438903808594,132.6142578125,532.7694091796875,145.71246337890625,このような経営環境の下、当社グループは、長期目標である「社会・顧客・自らに響く挑戦と成長企業への変革」の実現に
6,6,56.576438903808594,146.06158447265625,532.4942016601562,159.1597900390625,向けて、2025年度を初年度とする３ヵ年の新中期経営計画「SINFONIA NEXT DREAM」を策定し、取組を開始いたしまし
6,7,56.58141326904297,159.5089111328125,532.7659301757812,172.60711669921875,た。技術オリエンテッド（技術開発力と技術対応力の強化）による事業拡大を最重要テーマとして、成長ドライバーである半
6,8,56.58141326904297,172.95623779296875,532.6904296875,186.054443359375,導体関連分野及び航空宇宙分野への技術リソースの集中、モータ技術の向上を目指す社内プロジェクトをはじめとする技術者
6,9,56.582420349121094,186.403564453125,532.6146240234375,199.50177001953125,の育成活動、さらに東海地区における技術開発拠点新設の検討などによる顧客への技術提案力の強化に取り組み、新中期経営
6,10,56.582420349121094,199.85089111328125,192.05215454101562,212.9490966796875,計画の達成を目指してまいります。
6,11,56.582420349121094,213.2982177734375,532.766845703125,226.39642333984375,生産面においては、自動化・DX(デジタルトランスフォーメーション)化への積極的な投資を行い、引き続き生産性の向上に
6,12,56.582420349121094,226.74554443359375,532.767822265625,239.84375,取り組んでまいります。2025年2月には経済産業省「DX認定事業者」の認定を取得しており、全社横断的なプロジェクトと
6,13,56.58440399169922,240.19287109375,196.21133422851562,253.29107666015625,して、DX化を推進してまいります。
6,14,56.58440399169922,253.64019775390625,532.7689208984375,266.7384033203125,半導体分野においては、当社が得意とする前工程における受注拡大とともに、新たな需要が期待される後工程の自動化を見
6,15,56.58440399169922,267.0875244140625,532.7689819335938,280.18572998046875,据えた活動を進め、半導体製造装置用のロボット及びアクチュエータ等の商品化・受注獲得に注力することで、事業拡大に取
6,16,56.58440399169922,280.5348815917969,532.7630004882812,293.6330871582031,り組んでまいります。航空宇宙分野においては、防衛関連製品の需要増加に対応するため生産キャパシティの増強に取り組
6,17,56.57842254638672,293.98223876953125,242.84930419921875,307.0804443359375,み、新領域の技術開発にも注力してまいります。
6,18,56.57842254638672,307.4295959472656,532.5809936523438,320.5278015136719,今後さらに成長し続ける企業グループとして、株主の皆様、顧客の皆様から評価していただけるよう、引き続きグループの
6,19,56.58238983154297,320.876953125,268.25384521484375,333.97515869140625,総力を結集し、努力を重ねてまいる所存でございます。
6,20,56.581398010253906,347.9439697265625,124.31623840332031,361.194580078125,⑶設備投資の状況
6,21,65.0482406616211,361.468017578125,366.8070983886719,374.56622314453125,当連結会計年度に実施しました設備投資の総額は、37億45百万円であります。
6,22,65.0482406616211,374.4173278808594,217.45169067382812,387.5155334472656,その主な内容は、次の通りであります。
6,23,65.0482406616211,387.36663818359375,217.45169067382812,400.46484375,①当連結会計年度中に完成した主要設備
6,24,65.0482406616211,400.3159484863281,426.9217224121094,413.4141540527344,当社伊勢製作所：モーションコントロール機器の高効率加工設備導入[モーション機器事業]
6,25,150.21578979492188,413.2652587890625,427.4206848144531,426.36346435546875,モーションコントロール機器の生産自動化設備導入[モーション機器事業]
6,26,150.21578979492188,426.2145690917969,427.4206848144531,439.3127746582031,モーションコントロール機器の高精度加工設備導入[モーション機器事業]
6,27,65.0482406616211,439.16387939453125,251.31912231445312,452.2620849609375,②当連結会計年度継続中の主要設備の新設、拡充
6,28,65.0482406616211,452.1131896972656,342.2531433105469,465.2113952636719,当社伊勢製作所：航空宇宙機器の生産体制整備[モーション機器事業]
6,29,149.71673583984375,465.0625,401.52105712890625,478.16070556640625,モーションコントロール機器の生産体制整備[モーション機器事業]
6,30,65.0482406616211,478.0118103027344,217.45169067382812,491.1100158691406,当社豊橋製作所：特別高圧設備更新
6,31,149.71673583984375,490.96112060546875,393.05419921875,504.059326171875,クリーン搬送機器工場空調設備更新[クリーン搬送システム事業]
6,32,22.53582000732422,538.1995849609375,30.12582015991211,549.6995849609375,5
7,0,399.09466552734375,539.3404541015625,521.4336547851562,550.16943359375,"SINFONIA TECHNOLOGY CO.,LTD."
7,1,542.275634765625,91.89385986328125,550.275634765625,491.9371643066406,"事
業
報
告
連
結
計
算
書
類
計
算
書
類
ト
ピ
ッ
ク
ス"
7,2,140.22862243652344,101.53162384033203,166.1272430419922,111.54790496826172,年　　度
7,3,45.35607147216797,115.97504425048828,71.25467681884766,125.99132537841797,項　　目
7,4,196.67762756347656,101.53162384033203,226.71994018554688,111.54790496826172,2021年度
7,5,198.7953338623047,115.97504425048828,224.603271484375,125.99132537841797,第 98 期
7,6,281.34222412109375,101.53162384033203,311.3844909667969,111.54790496826172,2022年度
7,7,283.45989990234375,115.97504425048828,309.2678527832031,125.99132537841797,第 99 期
7,8,366.00689697265625,101.53162384033203,396.0492248535156,111.54790496826172,2023年度
7,9,365.98699951171875,115.97504425048828,396.0681457519531,125.99132537841797,第 100 期
7,10,443.403564453125,101.53162384033203,488.2283020019531,125.99132537841797,"2024年度
（当連結会計年度）
第 101 期"
7,11,45.35691833496094,126.43299102783203,488.10455322265625,136.44927978515625,"受
注
高
(百万円)
110,465
125,095
108,781
143,577"
7,12,45.35691833496094,136.3936767578125,488.10455322265625,146.40997314453125,"売
上
高
(百万円)
94,585
108,808
102,657
119,150"
7,13,45.35691833496094,146.3541259765625,488.10430908203125,156.37042236328125,"営
業
利
益
(百万円)
7,514
11,625
10,011
15,734"
7,14,45.35691833496094,156.314697265625,488.10443115234375,182.7662353515625,"経
常
利
益
(百万円)
7,898
11,997
10,532
15,941
親会社株主に帰属する
当
期
純
利
益
(百万円)
5,593
8,098
7,506
12,097"
7,15,45.35691833496094,181.71417236328125,488.10455322265625,191.73046875,"総
資
産
(百万円)
116,801
127,321
137,062
136,467"
7,16,45.35691833496094,191.6746826171875,488.10443115234375,201.69097900390625,"1 株当たり当期純利益
(円)
194.99
287.24
266.23
428.87"
7,17,45.35691833496094,201.63519287109375,488.10382080078125,211.6514892578125,"R
O
A
(％)
4.8
6.4
5.5
8.9"
7,18,45.35691833496094,211.59576416015625,488.10400390625,221.612060546875,"R
O
E
(％)
10.6
13.9
11.0
15.7"
7,19,45.35691833496094,221.55633544921875,488.10400390625,231.5726318359375,"D
E
レ
シ
オ
(倍)
0.40
0.35
0.29
0.19"
7,20,140.2322235107422,337.10150146484375,166.13084411621094,347.1177978515625,年　　度
7,21,45.352699279785156,351.5449523925781,71.25130462646484,361.5612487792969,項　　目
7,22,196.6746063232422,337.10150146484375,226.7169189453125,347.1177978515625,2021年度
7,23,198.7923126220703,351.5449523925781,224.60025024414062,361.5612487792969,第 98 期
7,24,281.33929443359375,337.10150146484375,311.3816223144531,347.1177978515625,2022年度
7,25,283.45703125,351.5449523925781,309.2649230957031,361.5612487792969,第 99 期
7,26,366.0040283203125,337.10150146484375,396.0462951660156,347.1177978515625,2023年度
7,27,365.98406982421875,351.5449523925781,396.0652770996094,361.5612487792969,第 100 期
7,28,450.779296875,337.10150146484375,480.8605041503906,361.5612487792969,"2024年度
（当　期）
第 101 期"
7,29,45.357513427734375,362.0028076171875,488.10504150390625,372.01910400390625,"受
注
高
(百万円)
86,772
98,558
81,530
114,069"
7,30,45.357513427734375,371.9634094238281,488.10491943359375,381.9797058105469,"売
上
高
(百万円)
72,093
84,265
77,462
89,317"
7,31,45.357513427734375,381.92388916015625,488.10491943359375,391.940185546875,"営
業
利
益
(百万円)
5,462
9,420
7,520
11,485"
7,32,45.357513427734375,391.8844909667969,488.10491943359375,401.9007873535156,"経
常
利
益
(百万円)
6,267
10,537
8,948
12,649"
7,33,45.357513427734375,401.8450012207031,488.104736328125,411.8612976074219,"当
期
純
利
益
(百万円)
4,580
7,687
6,895
9,990"
7,34,45.357513427734375,411.80560302734375,488.10516357421875,421.8218994140625,"総
資
産
(百万円)
103,101
109,847
116,380
115,244"
7,35,45.357513427734375,421.76611328125,488.10491943359375,431.78240966796875,"1 株当たり当期純利益
(円)
159.67
272.67
244.55
354.17"
7,36,45.357513427734375,431.7267150878906,488.10443115234375,441.7430114746094,"R
O
A
(％)
4.4
7.0
5.9
8.7"
7,37,45.357513427734375,441.68719482421875,488.1046142578125,451.7034912109375,"R
O
E
(％)
10.6
16.3
12.5
16.0"
7,38,45.357513427734375,451.6477355957031,488.1046142578125,461.6640319824219,"D
E
レ
シ
オ
(倍)
0.50
0.43
0.35
0.22"
7,39,33.899925231933594,77.75222778320312,143.96905517578125,91.00284576416016,⑷財産及び損益の状況の推移
7,40,42.36677551269531,87.54088592529297,194.77020263671875,100.63910675048828,①企業集団の財産及び損益の状況の推移
7,41,38.38636016845703,232.65921020507812,510.0650634765625,318.604736328125,"（注）１．2021年度につきましては、クリーン搬送システムやモーションコントロール機器が好調であったことにより受注高・売上高ともに増加し、売上高の増加や利益率
改善等により、利益も増加いたしました。
２．2022年度につきましては、社会インフラシステムやモーションコントロール機器が好調であったことにより受注高は増加いたしました。また、クリーン搬送シス
テムやモーションコントロール機器が好調であったことにより売上高は増加し、売上高の増加や利益率改善等により、利益も増加いたしました。
３．2023年度につきましては、航空宇宙関連機器が好調であったものの、社会インフラシステムやクリーン搬送システムなどが不調であったことにより、受注高・売上
高ともに減少しました。また、売上高の減少等により、利益も減少いたしました。
４．2024年度につきましては、「⑴事業の経過及びその成果」に記載しております。
５．１株当たり当期純利益は、期中平均発行済株式総数（自己株式を除く）に基づき算出しております。
６．ROA、ROE及びDEレシオは次の通り算出しております。
ROA＝親会社株主に帰属する当期純利益／総資産
ROE＝親会社株主に帰属する当期純利益／純資産（期首期末平均）
DEレシオ＝有利子負債／純資産"
7,42,42.37274932861328,322.8725280761719,177.84246826171875,335.9707336425781,②当社の財産及び損益の状況の推移
7,43,38.384361267089844,462.7613220214844,355.1438293457031,506.87054443359375,"（注）１．当社の財産及び損益の変動の要因は、企業集団の財産及び損益の変動の要因と同様の理由によるものです。
２．１株当たり当期純利益は、期中平均発行済株式総数（自己株式を除く）に基づき算出しております。
３．ROA、ROE及びDEレシオは次の通り算出しております。
ROA＝当期純利益／総資産
ROE＝当期純利益／純資産（期首期末平均）
DEレシオ＝有利子負債／純資産"
7,44,536.475830078125,538.1995849609375,544.0658569335938,549.6995849609375,6
8,0,46.62984848022461,539.3404541015625,168.96875,550.16943359375,"SINFONIA TECHNOLOGY CO.,LTD."
8,1,123.69063568115234,99.04157257080078,473.2918701171875,109.05785369873047,"会　社　名
資　本　金
当社の出資比率
主  要  な  事  業  内  容"
8,2,72.01883697509766,122.69782257080078,207.7339630126953,132.714111328125,"シ
ン
フ
ォ
ニ
ア
商
事
㈱"
8,3,237.49295043945312,115.8851318359375,273.97113037109375,132.7142333984375,"百万円
200"
8,4,300.5516357421875,115.8851318359375,338.7132263183594,132.7142333984375,"％
100.00"
8,5,356.14202880859375,112.73719024658203,519.1998901367188,122.75347137451172,保険代理業、倉庫・運送業、鍍金製品・機械部品・石油
8,6,356.14202880859375,122.69818878173828,519.0962524414062,132.7144775390625,製品の販売、電気・電子機器類の設計・試験、労働者派
8,7,356.14202880859375,132.6591796875,440.3123779296875,142.67547607421875,遣業、経理・給与業務の受託
8,8,72.01934051513672,153.07757568359375,207.73448181152344,163.0938720703125,シンフォニアエンジニアリング㈱
8,9,237.49545288085938,146.26483154296875,323.57989501953125,163.09393310546875,"百万円
100
100.00"
8,10,356.14501953125,143.116943359375,519.0490112304688,153.13323974609375,電気・機械設備工事の請負、電気機械器具・自動券売機
8,11,356.1460266113281,153.07794189453125,519.2042846679688,163.09423828125,のサービス、病院・オフィス・工場・倉庫内用搬送シス
8,12,356.1400451660156,163.0389404296875,446.7850341796875,173.05523681640625,テムの販売、エンジニアリング
8,13,72.01734161376953,180.96697998046875,207.7389373779297,190.9832763671875,"㈱
ア
イ
・
シ
ー
・
エ
ス"
8,14,241.7662353515625,174.15435791015625,466.2120361328125,190.98345947265625,"百万円
32
100.00
ソフトウェアの開発、ＯＡ機器の販売"
8,15,72.02033233642578,206.36639404296875,207.73548889160156,216.3826904296875,"㈱
大
崎
電
業
社"
8,16,241.76272583007812,199.55377197265625,485.6390380859375,216.38287353515625,"百万円
48
100.00
電磁クラッチ・電磁ブレーキ等の製造・販売"
8,17,72.01683807373047,231.76580810546875,207.7384796142578,241.7821044921875,シンフォニアマイクロテック㈱
8,18,241.7657470703125,224.953125,446.78753662109375,241.7822265625,"百万円
84
100.00
マイクロクラッチの製造・販売"
8,19,72.01984405517578,257.165283203125,207.73500061035156,267.18157958984375,昕芙旎雅機電（香港）有限公司
8,20,241.762939453125,250.35260009765625,330.0550537109375,275.150390625,"百万香港ドル
10
100.00
（100.00）"
8,21,356.1455383300781,257.165283203125,427.3665771484375,267.18157958984375,マイクロクラッチの販売
8,22,72.0163345336914,282.5646667480469,207.7379608154297,292.5809631347656,昕芙旎雅機電（東莞）有限公司
8,23,246.03900146484375,275.75201416015625,330.0516357421875,300.5497741699219,"百万米ドル
2
100.00
（100.00）"
8,24,356.14202880859375,282.5646667480469,427.3630676269531,292.5809631347656,マイクロクラッチの製造
8,25,72.01874542236328,307.9639892578125,207.7184600830078,317.98028564453125,"SINFONIA MICROTEC(VIETNAM)CO.,LTD."
8,26,246.0374755859375,301.1513671875,330.056640625,325.9490966796875,"百万米ドル
4
100.00
（100.00）"
8,27,356.1405334472656,307.9639892578125,446.7855224609375,317.98028564453125,マイクロクラッチの製造・販売
8,28,72.01763153076172,333.36334228515625,207.71917724609375,343.379638671875,"SINFONIA TECHNOLOGY(THAILAND)CO.,LTD."
8,29,237.48995971679688,326.5506896972656,519.2548217773438,343.37982177734375,"百万タイバーツ
432
100.00
振動式搬送機器・パーツフィーダ・半導体製造装置用"
8,30,356.1455383300781,338.3441467285156,505.06256103515625,348.3604431152344,ハンドリング機器・建設車両用電装品の製造・販売
8,31,72.0163345336914,358.7628173828125,207.7379608154297,368.77911376953125,昕芙旎雅商貿（上海）有限公司
8,32,237.491943359375,351.9501647949219,440.3123779296875,368.779296875,"百万円
150
100.00
当社製品の販売、部材の調達"
8,33,56.57952117919922,79.74435424804688,242.51171875,92.9949722290039,⑸重要な子会社の状況（2025年３月31日現在）
8,34,61.061973571777344,378.5877990722656,532.7658081054688,408.75164794921875,"（注）１．当社の連結子会社は上記の10社であります。
２．上表当社の出資比率の（　）内は間接保有割合であります。
３．当社の完全子会社であるシンフォニアエンジニアリング㈱及び㈱S&Sエンジニアリングは、2024年４月１日を効力発生日として、シンフォニアエンジニアリング㈱
を存続会社、㈱S&Sエンジニアリングを消滅会社とする吸収合併を行いました。"
8,35,22.53582000732422,538.1995849609375,30.12582015991211,549.6995849609375,7
9,0,399.09466552734375,539.3404541015625,521.4336547851562,550.16943359375,"SINFONIA TECHNOLOGY CO.,LTD."
9,1,542.275634765625,91.89385986328125,550.275634765625,491.9371643066406,"事
業
報
告
連
結
計
算
書
類
計
算
書
類
ト
ピ
ッ
ク
ス"
9,2,76.77992248535156,99.04157257080078,372.4317932128906,109.05785369873047,"セ グ メ ン ト
主 要 な 製 品 ・ サ ー ビ ス"
9,3,49.34172058105469,124.93891143798828,277.6938781738281,134.9552001953125,"クリーン搬送システム
半導体製造装置用ハンドリング機器　等"
9,4,49.34172058105469,155.816650390625,499.5404968261719,173.8017578125,"モ
ー
シ
ョ
ン
機
器
昇華型デジタルフォトプリンタ、宇宙ロケット用電装品、航空機用電装品、サーボアクチュエータ、アクティブ制振
装置、電磁クラッチ・ブレーキ、鉄道・建設車両用電装品、空港用地上支援車両、超重量物搬送用大型自走台車　等"
9,5,49.3408203125,196.70477294921875,145.21751403808594,206.7210693359375,パワーエレクトロニクス機器
9,6,161.13894653320312,188.73626708984375,499.5725402832031,214.68988037109375,"自動車用評価システム、実車衝突実験システム、上下水道電気計装設備、道路管理用電気設備、リフティングマグ
ネット、サブマージドモータ、真空溶解炉、中小形発電機、振動式搬送機器、コーヒー焙煎設備、パーツフィーダ、ナ
チュエネシステム　等"
9,7,49.34101867675781,233.6085205078125,145.21771240234375,243.62481689453125,エンジニアリング＆サービス
9,8,161.14772033691406,225.64007568359375,499.5609130859375,251.59332275390625,"電気・機械設備工事の請負・エンジニアリング、電気機械器具のサービス、病院内搬送システムのエンジニアリング、
当社周辺サービス・福利厚生関連業務、倉庫・運送業、経理・給与業務・設計業務の受託、労働者派遣業、ソフト
ウェアの開発、ＯＡ機器の販売　等"
9,9,33.90612030029297,79.74435424804688,202.904541015625,92.9949722290039,⑹主要な事業内容（2025年３月31日現在）
9,10,33.90612030029297,274.0864562988281,228.30514526367188,287.3370666503906,⑺主要な営業所及び工場（2025年３月31日現在）
9,11,42.37297058105469,287.1124572753906,160.90896606445312,300.2106628417969,①当社の主要な営業所及び工場
9,12,50.839820861816406,300.061767578125,101.64094543457031,313.15997314453125,本　社　東京
9,13,50.839820861816406,313.0110778808594,135.5083770751953,326.1092834472656,支　社　大阪、名古屋
9,14,50.839820861816406,325.96038818359375,135.5083770751953,339.05859375,支　店　九州（福岡）
9,15,50.839820861816406,338.9096984863281,364.1135559082031,352.0079040527344,営業所　東北（仙台）、新潟、北陸（富山）、静岡、三重（伊勢）、中国（広島）
9,16,50.839820861816406,351.8590087890625,237.11068725585938,364.95721435546875,工　場　伊勢製作所（伊勢、鳥羽）、豊橋製作所
9,17,42.37297058105469,364.8083190917969,152.44210815429688,377.9065246582031,②主要な子会社の本社所在地
9,18,50.839820861816406,377.75762939453125,482.6495666503906,390.8558349609375,シンフォニア商事㈱（伊勢）、シンフォニアエンジニアリング㈱（伊勢、東京）、㈱アイ・シー・エス（伊勢）、
9,19,50.839820861816406,390.7069396972656,499.5832824707031,403.8051452636719,㈱大崎電業社（東京）、シンフォニアマイクロテック㈱（明石）、昕芙旎雅機電（香港）有限公司（中華人民共和国・
9,20,50.839820861816406,403.65625,490.37127685546875,416.75445556640625,"香港）、昕芙旎雅機電（東莞）有限公司（中華人民共和国・東莞）、SINFONIA MICROTEC(VIETNAM)CO.,LTD."
9,21,50.839820861816406,416.6055603027344,501.1833190917969,429.7037658691406,"（ベトナム社会主義共和国・ハナム）、SINFONIA TECHNOLOGY(THAILAND)CO.,LTD.（タイ王国・サムットプラ"
9,22,50.839820861816406,429.55487060546875,313.3124084472656,442.653076171875,カーン）、昕芙旎雅商貿（上海）有限公司（中華人民共和国・上海）
9,23,50.839820861816406,442.4950256347656,510.0928039550781,455.6023864746094,（注）当社の完全子会社であるシンフォニアエンジニアリング㈱及び㈱S&Sエンジニアリングは、2024年４月１日を効
9,24,76.23436737060547,455.4443359375,509.9632873535156,468.54254150390625,力発生日として、シンフォニアエンジニアリング㈱を存続会社、㈱S&Sエンジニアリングを消滅会社とする吸収合
9,25,76.2403793334961,468.3936462402344,143.97525024414062,481.4918518066406,併を行いました。
9,26,536.475830078125,538.1995849609375,544.0658569335938,549.6995849609375,8
10,0,46.62984848022461,539.3404541015625,168.96875,550.16943359375,"SINFONIA TECHNOLOGY CO.,LTD."
10,1,160.96353149414062,105.01782989501953,508.66888427734375,115.03411102294922,"セ グ メ ン ト
従 業 員 数
前連結会計年度末比増減"
10,2,107.3753433227539,119.95862579345703,485.883056640625,129.97491455078125,"ク
リ
ー
ン
搬
送
シ
ス
テ
ム
376名
39名増"
10,3,107.37523651123047,132.90740966796875,485.883056640625,142.9237060546875,"モ
ー
シ
ョ
ン
機
器
1,670名
36名増"
10,4,107.37523651123047,145.85614013671875,485.8831787109375,155.8724365234375,"パ
ワ
ー
エ
レ
ク
ト
ロ
ニ
ク
ス
機
器
918名
11名増"
10,5,107.3753433227539,158.80487060546875,485.8831787109375,168.8211669921875,"エ
ン
ジ
ニ
ア
リ
ン
グ
＆
サ
ー
ビ
ス
780名
25名減"
10,6,178.2242431640625,171.75347900390625,485.8831787109375,181.769775390625,"計
3,744名
61名増"
10,7,107.00623321533203,218.0728759765625,497.86865234375,228.08917236328125,"従 業 員 数
前 期 末 比 増 減
平 均 年 齢
平 均 勤 続 年 数"
10,8,110.58013153076172,231.0216064453125,483.532958984375,241.03790283203125,"2,017名
52名増
39.7歳
16.3年"
10,9,56.580528259277344,77.75222778320312,217.11215209960938,91.00284576416016,⑻従業員の状況（2025年３月31日現在）
10,10,65.0473861694336,87.78990936279297,149.71597290039062,100.88813018798828,①企業集団の従業員数
10,11,61.058998107910156,185.34445190429688,210.47384643554688,201.56295776367188,"（注）１．就業人員数を記載しております。
２．上表には臨時従業員等は含んでおりません。"
10,12,65.04737091064453,202.34442138671875,141.24908447265625,215.442626953125,②当社の従業員数等
10,13,61.06098175048828,244.61544799804688,210.475830078125,260.8339538574219,"（注）１．就業人員数を記載しております。
２．上表には臨時従業員等は含んでおりません。"
10,14,152.32675170898438,292.2818603515625,443.92437744140625,302.29815673828125,"借　　　入　　　先
借　　　入　　　額"
10,15,84.96753692626953,315.5646057128906,277.9638671875,325.5809020996094,"㈱
み
ず
ほ
銀
行"
10,16,389.8818359375,307.00885009765625,439.69183349609375,314.71368408203125,百万円
10,17,405.4090576171875,315.5648498535156,424.1595764160156,325.5811462402344,"3,599"
10,18,84.96953582763672,327.89080810546875,424.158447265625,337.9071044921875,"㈱
三
菱
Ｕ
Ｆ
Ｊ
銀
行
1,796"
10,19,84.96953582763672,340.8395080566406,424.158447265625,350.8558044433594,"㈱
三
井
住
友
銀
行
1,785"
10,20,84.96953582763672,352.2940979003906,424.1583557128906,362.3103942871094,"三
井
住
友
信
託
銀
行
㈱
1,782"
10,21,84.96953582763672,363.7488098144531,424.1583557128906,373.7651062011719,"㈱
日
本
政
策
投
資
銀
行
1,339"
10,22,84.96953582763672,375.2033996582031,424.1583557128906,385.2196960449219,"み
ず
ほ
信
託
銀
行
㈱
1,097"
10,23,84.96953582763672,386.6579895019531,424.4303283691406,396.6742858886719,"三
重
県
信
用
農
業
協
同
組
合
連
合
会
　724"
10,24,56.58002471923828,274.9767761230469,217.11163330078125,288.2273864746094,⑼主要な借入先（2025年３月31日現在）
10,25,61.55852508544922,399.5027160644531,532.7658081054688,408.7485046386719,（注）当社は機動的かつ安定的な資金調達手段を確保するとともに、より一層の財務基盤の強化を図ることを目的として取引金融機関20行とシンジケート方式による総額150
10,26,79.48833465576172,408.4676208496094,408.2009582519531,417.7134094238281,億円のコミットメントライン契約を締結しております。当該契約に基づく当連結会計年度末の借入実行残高はありません。
10,27,22.53582000732422,538.1995849609375,30.12582015991211,549.6995849609375,9
11,0,399.09466552734375,539.3404541015625,521.4336547851562,550.16943359375,"SINFONIA TECHNOLOGY CO.,LTD."
11,1,542.275634765625,91.89385986328125,550.275634765625,491.9371643066406,"事
業
報
告
連
結
計
算
書
類
計
算
書
類
ト
ピ
ッ
ク
ス"
11,2,36.89042663574219,79.5711441040039,270.8800048828125,96.15620422363281,"■
2   会社の株式に関する事項（2025年３月31日現在）"
11,3,33.906219482421875,100.66427612304688,266.4810791015625,113.9148941040039,"⑴発行可能株式総数
116,000,000株"
11,4,33.90631866455078,114.60903930664062,394.60565185546875,127.85965728759766,"⑵発行済株式の総数
28,361,183株（自己株式1,427,939株を除く）"
11,5,33.906219482421875,128.55386352539062,266.47998046875,141.80447387695312,"⑶株主数
11,549名"
11,6,139.609619140625,159.30859375,468.3073425292969,169.32489013671875,"株　　主　　名
持　株　数
持 株 比 率"
11,7,50.833221435546875,178.4825439453125,273.7099914550781,188.49884033203125,日本マスタートラスト信託銀行㈱（信託口）
11,8,331.1507568359375,172.16790771484375,359.8593444824219,188.24993896484375,"千株
3,044"
11,9,444.45281982421875,172.16790771484375,469.1789855957031,188.24993896484375,"％
10.73"
11,10,50.83221435546875,196.1624755859375,463.2034912109375,206.17877197265625,"S T A T E  S T R E E T  B A N K  A N D  T R U S T  C O M P A N Y  5 0 5 0 0 1
2,482
8.75"
11,11,50.83221435546875,206.8701171875,463.20361328125,224.855224609375,"日
本
マ
ス
タ
ー
ト
ラ
ス
ト
信
託
銀
行
㈱
（
退
職
給
付
信
託
口
・
㈱
神
戸
製
鋼
所
口
）
1,835
6.47"
11,12,50.83221435546875,225.546142578125,463.20367431640625,235.56243896484375,"㈱
日
本
カ
ス
ト
デ
ィ
銀
行
（
信
託
口
）
1,271
4.48"
11,13,50.83232116699219,238.49481201171875,463.20367431640625,248.5111083984375,"ダ
イ
キ
ン
工
業
㈱
1,017
3.59"
11,14,50.83232116699219,251.443603515625,463.20367431640625,261.45989990234375,"シンフォニアテクノロジーグループ従業員持株会
938
3.31"
11,15,50.83241271972656,264.39239501953125,463.20379638671875,274.40869140625,"シ
ン
フ
ォ
ニ
ア
テ
ク
ノ
ロ
ジ
ー
取
引
先
持
株
会
912
3.22"
11,16,50.83241271972656,277.34100341796875,463.20379638671875,287.3572998046875,"大
日
本
印
刷
㈱
732
2.58"
11,17,50.83241271972656,290.2897033691406,463.20379638671875,300.3059997558594,"前
尾
吉
信
522
1.84"
11,18,50.83241271972656,303.2384033203125,463.20391845703125,313.25469970703125,"あ
い
お
い
ニ
ッ
セ
イ
同
和
損
害
保
険
㈱
451
1.59"
11,19,33.9000244140625,142.50143432617188,121.27796936035156,155.75204467773438,⑷大株主（上位10名）
11,20,38.382476806640625,315.82818603515625,510.0872802734375,352.96417236328125,"（注）１．日本マスタートラスト信託銀行㈱（退職給付信託口・㈱神戸製鋼所口）の持株数1,835千株は㈱神戸製鋼所から同信託銀行へ信託設定された信託財産です。信託約
款上、当該株式の議決権の行使についての指図権限は㈱神戸製鋼所が保有しております。
２．当社は、自己株式を1,427,939株保有しておりますが、上記大株主からは除いております。
３．持株比率は自己株式（1,427,939株）を控除して計算しております。なお、自己株式（1,427,939株）には、株式給付信託（BBT）が保有する当社株式（148,900
株）は含まれておりません。"
11,21,33.90415954589844,355.91015625,304.8435974121094,369.1607666015625,⑸当事業年度中に職務執行の対価として当社役員に交付した株式の状況
11,22,40.927024841308594,365.4477844238281,132.19232177734375,378.5459899902344,該当事項はありません。
11,23,528.8858032226562,538.1995849609375,544.0658569335938,549.6995849609375,10
12,0,46.62984848022461,539.3404541015625,168.96875,550.16943359375,"SINFONIA TECHNOLOGY CO.,LTD."
12,1,59.56761932373047,54.91879653930664,175.77264404296875,71.50386047363281,"■
3   会社役員に関する事項"
12,2,95.80164337158203,90.32880401611328,505.804931640625,108.31389617919922,"氏　　名
地 位 及 び 担 当
重
要
な
兼職の状況"
12,3,86.09014129638672,110.24988555908203,490.73779296875,120.26616668701172,"武　藤　昌　三
代表取締役会長（開発本部の管掌）
―"
12,4,86.09014129638672,123.69672393798828,490.73779296875,133.7130126953125,"平　野　新　一
代表取締役社長
―"
12,5,86.09014129638672,137.1434326171875,490.73779296875,147.15972900390625,"山　国　　　稔
取
締
役（電子精機本部長）
―"
12,6,86.09014129638672,150.5902099609375,490.7347412109375,168.5753173828125,"坂　本　克　之
取
締
役（本社部門の管掌、監査部、総務人事部、法務部、全社コンプライアンス及び全
社リスク管理の担当）
―"
12,7,86.08724212646484,173.4993896484375,490.73736572265625,191.4844970703125,"千　手　裕　治
取
締
役（電機システム本部長兼同社会インフラシステム事業の担当、支社・支店・営業
所の管掌）
―"
12,8,86.0897445678711,194.91455078125,490.73736572265625,204.93084716796875,"幡　野　隆　一
取
締
役（クリーン搬送システム本部長）
―"
12,9,86.0897445678711,218.3218994140625,238.85755920410156,228.33819580078125,"佐　古　達　信
社外取締役（非常勤）"
12,10,443.8515319824219,206.36920166015625,531.1448364257812,240.29119873046875,"Minth Group Limited社外取締役
双日マシナリー㈱顧問（会長）
AAPICO Hitech Public 
Company Limited社外取締役"
12,11,86.0897445678711,241.72918701171875,490.73736572265625,251.7454833984375,"藤　岡　　　純
社外取締役（非常勤）
―"
12,12,73.63953399658203,253.68182373046875,506.9248046875,263.6981201171875,"※　藤　岡　章　子
社外取締役（非常勤）
龍谷大学教授"
12,13,86.0897445678711,265.634521484375,490.73736572265625,275.65081787109375,"堀　　　　　悟
監
査
役（常勤）
―"
12,14,86.0897445678711,277.58721923828125,490.73736572265625,287.603515625,"大　西　健　司
社外監査役（常勤）
―"
12,15,73.63953399658203,289.539794921875,519.8748779296875,299.55609130859375,"※　結　川　孝　一
監
査
役（非常勤）
セーレン㈱非常勤顧問"
12,16,73.63953399658203,300.49639892578125,497.21240234375,310.5126953125,"※　田　村　香　代
社外監査役（非常勤）
弁護士"
12,17,119.7066421508789,340.8395080566406,519.1237182617188,350.8558044433594,"氏　　名
地位及び担当（退任時）
退任年月日
退 任 事 由"
12,18,108.37653350830078,350.8000183105469,519.1237182617188,360.8163146972656,"結　川　孝　一
社外取締役（非常勤）
2024年６月27日
任 期 満 了"
12,19,108.37653350830078,360.7605895996094,519.1237182617188,370.7768859863281,"下　谷　　　收
社外監査役（非常勤）
2024年６月27日
任 期 満 了"
12,20,108.37653350830078,370.7210998535156,519.1237182617188,380.7373962402344,"藤　岡　章　子
社外監査役（非常勤）
2024年６月27日
任 期 満 了"
12,21,119.7066421508789,397.1194152832031,378.5920104980469,407.1357116699219,"氏　　名
地 位 及 び 担 当"
12,22,98.71033477783203,407.0799560546875,288.1669921875,417.09625244140625,"※　山　国　　　稔
専務執行役員（電子精機本部長）"
12,23,98.66503143310547,417.0404968261719,527.7291259765625,427.0567932128906,"※　坂　本　克　之
常務執行役員（本社部門の管掌、監査部、総務人事部、法務部、全社コンプライアンス及び全社リスク管理の担当）"
12,24,98.66503143310547,427.0010986328125,495.355712890625,437.01739501953125,"※　千　手　裕　治
常務執行役員（電機システム本部長兼同社会インフラシステム事業の担当、支社・支店・営業所の管掌）"
12,25,98.71044158935547,436.9615478515625,327.0149230957031,446.97784423828125,"※　幡　野　隆　一
常務執行役員（クリーン搬送システム本部長）"
12,26,109.99523162841797,446.9222106933594,371.8583068847656,456.9385070800781,"佐　伯　英一郎
執
行
役
員（経営企画部長、品質管理部、IT企画部の担当）"
12,27,109.99523162841797,456.8826904296875,468.9542236328125,466.89898681640625,"林　　　和　孝
執
行
役
員（電機システム本部産業インフラシステム及び振動機事業、支社・支店・営業所の担当）"
12,28,109.9907455444336,466.8432922363281,339.959716796875,476.8595886230469,"瀬　田　　　学
執
行
役
員（電子精機本部航空宇宙事業の担当）"
12,29,109.9907455444336,476.8038024902344,359.3836364746094,486.8200988769531,"稲　垣　　　努
執
行
役
員（電子精機本部制御・情報機器事業の担当）"
12,30,109.9907455444336,486.764404296875,432.9420471191406,496.78070068359375,"相　澤　純　也
執
行
役
員（電子精機本部FAシステム事業の担当兼同本部半導体事業推進室長）"
12,31,56.576820373535156,75.76296997070312,267.9096374511719,89.01358795166016,⑴取締役及び監査役の氏名等（2025年３月31日現在）
12,32,61.05927276611328,311.6031188964844,495.31884765625,341.7669677734375,"（注）１．当社は、佐古達信、藤岡純、藤岡章子、大西健司及び田村香代の5氏を㈱東京証券取引所の定めに基づく独立役員として同取引所に届け出ております。
２．上表※印の者は、2024年６月27日開催の第100回定時株主総会において、新たに取締役及び監査役に選任され就任いたしました。
３．当社と上表「重要な兼職の状況」に記載の各兼職先との間には、特別な関係はありません。
４．当期中の取締役及び監査役の退任は以下の通りであります。"
12,33,78.98906707763672,379.83892822265625,525.2019653320312,396.0574035644531,"5．当社は、経営の意思決定・監督機能と業務執行機能を分離してコーポレートガバナンス体制を強化するとともに、経営環境の変化にスピーディかつフレキシブルに
　　対応するため、執行役員制度を導入しております。2025年３月31日現在の執行役員は次の通りであります。"
12,34,22.53582000732422,538.1995849609375,37.715816497802734,549.6995849609375,11
13,0,399.09466552734375,539.3404541015625,521.4336547851562,550.16943359375,"SINFONIA TECHNOLOGY CO.,LTD."
13,1,542.275634765625,91.89385986328125,550.275634765625,491.9371643066406,"事
業
報
告
連
結
計
算
書
類
計
算
書
類
ト
ピ
ッ
ク
ス"
13,2,97.0272445678711,80.61450958251953,355.9127197265625,90.63079071044922,"氏　　名
地 位 及 び 担 当"
13,3,87.31574249267578,90.57501983642578,250.04823303222656,100.59130096435547,"塩　崎　　　明
執
行
役
員（開発本部長）"
13,4,87.31574249267578,100.53565216064453,489.61016845703125,110.55193328857422,"元　吉　　　誠
執
行
役
員（電機システム本部副本部長（電機生産部門の統括）兼同豊橋製作所長兼同電機システム工場長）"
13,5,87.31583404541016,110.49610137939453,256.5228576660156,120.51238250732422,"上　田　輝　基
執
行
役
員（経営管理部長）"
13,6,87.31273651123047,119.70960235595703,508.0338134765625,146.907958984375,"臼　井　一　哉
執
行
役
員（クリーン搬送システム本部副本部長（クリーン搬送生産部門の統括）兼同豊橋製作所副製作所長兼同
クリーン搬送システム工場長）
土　田　英　誉
執
行
役
員（電機システム本部試験装置事業の担当兼同試験装置営業部長）"
13,7,87.3128433227539,146.85211181640625,386.01263427734375,156.868408203125,"小　倉　　　隆
執
行
役
員（クリーン搬送システム本部クリーン搬送システム営業部長）"
13,8,87.3128433227539,156.812744140625,405.4365539550781,166.82904052734375,"齋　藤　浩　志
執
行
役
員（電子精機本部副本部長（電精生産部門の統括）兼同伊勢製作所長）"
13,9,97.02434539794922,187.1951904296875,356.1622009277344,197.21148681640625,"氏　　名
地 位 及 び 担 当"
13,10,87.3128433227539,197.15570068359375,265.48468017578125,207.1719970703125,"武　藤　昌　三
代表取締役会長（開発本部の管掌）"
13,11,87.3128433227539,207.1163330078125,204.22828674316406,217.13262939453125,"平　野　新　一
代表取締役社長"
13,12,87.3128433227539,216.329833984375,505.04669189453125,234.31494140625,"山　国　　　稔
取
締
役
専務執行役員（本社部門の管掌、監査部、総務人事部、法務部、全社コンプライアンス及び全社リスク管理の担当）"
13,13,87.3128433227539,232.76470947265625,371.4162902832031,250.74981689453125,"坂　本　克　之
取
締
役
常務執行役員（電子精機本部の管掌、同本部FAシステム事業の担当）"
13,14,87.3128433227539,249.1995849609375,472.6734619140625,267.1846923828125,"千　手　裕　治
取
締
役
常務執行役員（電機システム本部長兼同社会インフラシステム事業の担当、支社・支店・営業所の管掌）"
13,15,87.3128433227539,265.634521484375,304.3326416015625,283.61962890625,"幡　野　隆　一
取
締
役
常務執行役員（クリーン搬送システム本部長）"
13,16,87.31293487548828,282.8164978027344,239.5862579345703,292.8327941894531,"佐　古　達　信
社外取締役（非常勤）"
13,17,87.31293487548828,292.7770080566406,239.5862579345703,302.7933044433594,"藤　岡　　　純
社外取締役（非常勤）"
13,18,87.31293487548828,302.73760986328125,239.5862579345703,312.75390625,"藤　岡　章　子
社外取締役（非常勤）"
13,19,87.31293487548828,312.6980895996094,233.1116180419922,322.7143859863281,"堀　　　　　悟
監
査
役（常勤）"
13,20,87.31293487548828,322.65869140625,233.1116180419922,332.67498779296875,"大　西　健　司
社外監査役（常勤）"
13,21,87.31293487548828,332.61920166015625,239.5862579345703,342.635498046875,"結　川　孝　一
監
査
役（非常勤）"
13,22,87.31293487548828,342.5798034667969,239.5862579345703,352.5960998535156,"田　村　香　代
社外監査役（非常勤）"
13,23,87.31293487548828,352.5403137207031,420.87615966796875,362.5566101074219,"稲　垣　　　努
常務執行役員（電子精機本部長兼同制御・情報機器事業及び半導体事業推進室の担当）"
13,24,87.31293487548828,362.50091552734375,349.176025390625,372.5172119140625,"佐　伯　英一郎
執
行
役
員（経営企画部長、品質管理部、IT企画部の担当）"
13,25,87.31293487548828,372.4613952636719,446.2783203125,382.4776916503906,"林　　　和　孝
執
行
役
員（電機システム本部産業インフラシステム及び振動機事業、支社・支店・営業所の担当）"
13,26,87.31493377685547,382.4219970703125,317.2839050292969,392.43829345703125,"瀬　田　　　学
執
行
役
員（電子精機本部航空宇宙事業の担当）"
13,27,87.31493377685547,392.38250732421875,252.5375213623047,402.3988037109375,"塩　崎　　　明
執
行
役
員（開発本部長）"
13,28,87.31493377685547,402.3431091308594,492.09942626953125,412.3594055175781,"元　吉　　　誠
執
行
役
員（電機システム本部副本部長（電機生産部門の統括）兼同豊橋製作所長兼同電機システム工場長）"
13,29,87.31493377685547,412.3035888671875,259.01214599609375,422.31988525390625,"上　田　輝　基
執
行
役
員（経営管理部長）"
13,30,87.31304168701172,421.51708984375,508.53753662109375,448.71539306640625,"臼　井　一　哉
執
行
役
員（クリーン搬送システム本部副本部長（クリーン搬送生産部門の統括）兼同豊橋製作所副製作所長兼同
クリーン搬送システム工場長）
土　田　英　誉
執
行
役
員（電機システム本部試験装置事業の担当兼同試験装置営業部長）"
13,31,87.31304168701172,448.65960693359375,388.5030517578125,458.6759033203125,"小　倉　　　隆
執
行
役
員（クリーン搬送システム本部クリーン搬送システム営業部長）"
13,32,87.31304168701172,458.6202087402344,407.92706298828125,468.6365051269531,"齋　藤　浩　志
執
行
役
員（電子精機本部副本部長（電精生産部門の統括）兼同伊勢製作所長）"
13,33,62.289222717285156,167.90841674804688,205.72747802734375,177.15420532226562,（注）上表※印の者は、取締役を兼務しております。
13,34,56.31262969970703,176.87332153320312,213.49703979492188,186.11911010742188,6．2025年４月１日付の役員体制は次の通りであります。
13,35,528.8858032226562,538.1995849609375,544.0658569335938,549.6995849609375,12
14,0,46.62984848022461,539.3404541015625,168.96875,550.16943359375,"SINFONIA TECHNOLOGY CO.,LTD."
14,1,100.52692413330078,330.3283996582031,217.69366455078125,352.8895568847656,"役員区分
報酬等の総額
（百万円）"
14,2,246.37472534179688,320.3677978515625,509.2625427246094,360.31298828125,"報酬等の種類別の総額
（百万円）
対象となる
役員の員数
（名）
固定報酬
業績連動報酬
業績連動型株式報酬
（非金銭報酬）"
14,3,75.99951934814453,360.7079772949219,145.73252868652344,381.6156005859375,"取締役
（うち、社外取締役）"
14,4,190.58163452148438,360.2099914550781,218.69161987304688,382.7711486816406,"401
（30）"
14,5,264.88134765625,360.2099914550781,292.9913330078125,382.7711486816406,"274
（30）"
14,6,341.8972473144531,360.2099914550781,367.2978210449219,382.7711486816406,"96
（－）"
14,7,416.2532043457031,360.2099914550781,441.6537780761719,382.7711486816406,"30
（－）"
14,8,75.99962615966797,360.2099914550781,527.56591796875,401.5367126464844,"10
（4）
監査役
（うち、社外監査役）"
14,9,190.58139038085938,380.131103515625,218.69137573242188,402.6922607421875,"66
（34）"
14,10,264.8811340332031,380.131103515625,292.9911193847656,402.6922607421875,"66
（34）"
14,11,341.89605712890625,380.131103515625,367.296630859375,402.6922607421875,"－
（－）"
14,12,416.2530822753906,380.131103515625,441.6536560058594,402.6922607421875,"－
（－）"
14,13,75.99962615966797,380.131103515625,527.5657348632812,421.45782470703125,"6
（4）
合計
（うち、社外役員）"
14,14,190.57464599609375,400.05218505859375,218.68463134765625,422.61334228515625,"467
（65）"
14,15,264.8838195800781,400.05218505859375,292.9938049316406,422.61334228515625,"340
（65）"
14,16,341.8987121582031,400.05218505859375,367.2992858886719,422.61334228515625,"96
（－）"
14,17,416.25518798828125,400.05218505859375,441.6557312011719,422.61334228515625,"30
（－）"
14,18,505.0461120605469,400.05218505859375,527.5679321289062,422.61334228515625,"16
（8）"
14,19,56.581520080566406,77.65164184570312,166.65066528320312,90.90225982666016,⑵責任限定契約の内容の概要
14,20,65.54602813720703,88.70800018310547,530.8856201171875,112.76331329345703,"佐古達信、藤岡純、藤岡章子、堀悟、大西健司、結川孝一及び田村香代の７氏は、当社と会社法第423条第１項の賠償責
任を限定する契約を締結しており、当該契約に基づく賠償責任限度額は、法令の定める最低責任限度額となります。"
14,21,56.581214904785156,121.47970581054688,217.45150756835938,134.73031616210938,⑶役員等賠償責任保険契約の内容の概要等
14,22,65.54602813720703,133.1094970703125,530.169677734375,200.9931640625,"当社は会社法第430条の３第１項に規定する役員等賠償責任保険契約を保険会社との間で締結しております。当該保険契約
の被保険者は、当社及び当社の子会社等の取締役、監査役及び執行役員であり、被保険者は保険料を負担しておりません。
　当該保険契約は、被保険者が、その職務の執行に関し責任を負うことまたは当該責任の追及に係る請求を受けることによっ
て生ずる可能性のある損害を保険会社が填補するものであり、１年毎に契約更新しております。なお、当該保険契約では、当
社が被保険者に対して損害賠償責任を追及する場合は保険契約の免責事項としており、また、自己負担金額を設けることによ
り、被保険者の職務の執行の適正性が損なわれないようにしております。"
14,23,56.58171844482422,209.13082885742188,234.3857421875,222.38143920898438,⑷当事業年度に係る取締役及び監査役の報酬等
14,24,65.04857635498047,220.2652587890625,532.7661743164062,298.6051025390625,"①取締役の個人別の報酬等の内容の決定に関する事項
　当社の役員報酬制度は、「固定報酬」と業績、役位及び各取締役の貢献度を反映した「業績連動報酬」及び「業績連動
型株式報酬」から構成されており、独立役員が過半数を占める指名・報酬委員会での審議を踏まえ、取締役会の承認を得
ております。業績により変動はあるものの、平常は概ね２割程度が業績に連動する報酬（その４分の１程度が業績連動型株
式報酬）となるよう設計しております。
　取締役の報酬については、役員報酬制度に従い、代表取締役社長が各取締役の個別報酬額を起案し、その総額を取締役
会で決議しております。なお、社外取締役の報酬については、固定報酬のみとしております。"
14,25,65.0466537475586,306.92303466796875,208.98324584960938,320.021240234375,②取締役及び監査役の報酬等の総額等
14,26,68.53299713134766,422.85858154296875,532.7669067382812,499.932861328125,"（注）１．上表には、2024年６月27日開催の第100回定時株主総会終結の時をもって退任した取締役1名及び監査役2名が含ま
れております。
２．固定報酬は、役位及び職責に応じて支給額を算定し、毎月支給することとしております。
３．業績連動報酬は、社外取締役を除く取締役を対象とし、役位別の基礎額に、業績評価指標に応じた評価係数及び各取締
役の貢献度に応じた成績係数を加味して算定し、翌事業年度に支給しております。業績評価指標については、事業の成
果を明確に評価できるよう、前事業年度の連結売上高目標達成率、連結営業利益率、連結経常利益、連結ROE目標達成
率の4つの指標を採用しております。2023年度の連結売上高目標達成率は102.7％、連結営業利益率は9.8％、連結経
常利益は10,532百万円、連結ROE目標達成率は110.0％となりました。"
14,27,22.53582000732422,538.1995849609375,37.715816497802734,549.6995849609375,13
15,0,399.09466552734375,539.3404541015625,521.4336547851562,550.16943359375,"SINFONIA TECHNOLOGY CO.,LTD."
15,1,542.275634765625,91.89385986328125,550.275634765625,491.9371643066406,"事
業
報
告
連
結
計
算
書
類
計
算
書
類
ト
ピ
ッ
ク
ス"
15,2,61.172218322753906,270.612060546875,447.89849853515625,280.62835693359375,"氏　　名
地　　位
主な活動状況及び社外取締役に期待される役割に関して行った職務の概要"
15,3,51.460716247558594,299.99560546875,174.3469696044922,310.01190185546875,"佐　古　達　信
社外取締役（非常勤）"
15,4,180.56942749023438,282.06658935546875,501.4866943359375,327.9425048828125,"当事業年度に15回開催された取締役会の全てに出席いたしました。取締役会では当社とは異なる業種での企業
経営経験者としての立場から積極的に発言を行い、意思決定の妥当性・適正性を確保するための適切な役割を
果たしております。
また、当社の取締役等の選任や報酬に関する原案に対して、客観的・中立的立場で助言を行い、その決定プロ
セスにおいて重要な役割を果たしております。"
15,5,51.455421447753906,347.3081970214844,174.34828186035156,357.3244934082031,"藤　岡　　　純
社外取締役（非常勤）"
15,6,180.57061767578125,329.37921142578125,499.900146484375,375.255126953125,"当事業年度に15回開催された取締役会の全てに出席いたしました。取締役会では製造業での企業経営経験者と
しての立場から積極的に発言を行い、意思決定の妥当性・適正性を確保するための適切な役割を果たしており
ます。
また、当社の取締役等の選任や報酬に関する原案に対して、客観的・中立的立場で助言を行い、その決定プロ
セスにおいて重要な役割を果たしております。"
15,7,51.455528259277344,385.65631103515625,174.34828186035156,395.672607421875,"藤　岡　章　子
社外取締役（非常勤）"
15,8,180.570068359375,376.6918029785156,501.550537109375,404.63751220703125,"当事業年度に15回開催された取締役会の全てに出席いたしました。また、当事業年度の監査役在任時に４回開
催された監査役会の全てに出席いたしました。取締役会では学識経験者としての高度な知識・見識に基づき必
要な発言を適宜行っております。監査役会においても豊富な経験に基づき必要な発言を適宜行っておりました。"
15,9,51.45471954345703,419.522216796875,167.87281799316406,429.53851318359375,"大　西　健　司
社外監査役（常勤）"
15,10,180.57083129882812,406.0754089355469,501.4923095703125,442.985595703125,"当事業年度に15回開催された取締役会の全てに出席し、また、当事業年度に14回開催された監査役会の全てに
出席し、他の会社における役員等としての豊富な経験に基づき必要な発言を適宜行っております。
また、当社の取締役等の選任や報酬に関する原案に対して、客観的・中立的立場で助言を行い、その決定プロ
セスにおいて重要な役割を果たしております。"
15,11,51.45691680908203,453.3880920410156,174.3496856689453,463.4043884277344,"田　村　香　代
社外監査役（非常勤）"
15,12,180.565185546875,444.4236145019531,501.5576171875,472.3692932128906,"当事業年度の選任後11回開催された取締役会の全てに出席し、また、当事業年度の選任後10回開催された監査
役会の全てに出席し、弁護士として法令についての高度な知識・識見に基づき必要な発言を適宜行っておりま
す。"
15,13,69.76142120361328,77.71565246582031,510.0940856933594,236.4656219482422,"４．業績連動型株式報酬は、信託期間中の毎年６月に開催される当社定時株主総会の日（ポイント付与日）に、同年３月
31日で終了した事業年度における業績、役位及び各取締役の貢献度に応じて取締役にポイントが付与され、付与され
たポイントの累計に応じた株式を、取締役の退任時に給付する制度であります。業績に関する指標については、株主の
皆様と目線を同じくするため、当期純利益（連結）を採用しており、その実績のうち一定割合を報酬の原資とするもの
であります。2023年度の当期純利益（連結）は7,506百万円となりました。
５．取締役の金銭報酬の額は、2022年６月29日開催の第98回定時株主総会において年額４億9,000万円以内（うち、社外
取締役分6,000万円以内）と決議されております。当該定時株主総会終結時点の取締役の員数は９名（うち、社外取締
役は３名）です。また、当該金銭報酬とは別枠で、2019年６月27日開催の第95回定時株主総会において当初２事業年
度分として１億800万円を上限に、金銭または自己株式を信託に拠出し、拠出を受けた金銭を原資として、信託が当社
株式を取得し取締役に給付する「業績連動型株式報酬制度」を決議しております。取締役には、各事業年度に関して、
役位及び連結業績等に応じたポイントが付与されます。取締役に付与される１事業年度当たりのポイント数の合計は
5万4,000ポイントを上限としております。当該定時株主総会終結時点の取締役（社外取締役を除く。）の員数は６名
です。
６．監査役の金銭報酬の額は、2008年６月27日開催の第84回定時株主総会において年額7,200万円以内と決議しておりま
す。当該定時株主総会終結時点の監査役の員数は４名です。
７．当社取締役会は、当事業年度に係る取締役の個人別の報酬等の内容は、あらかじめ定めた報酬体系を基に上記①の手続
を経て決定されており、取締役会で決議された決定方針に沿うものであると判断しております。"
15,14,38.884803771972656,245.09237670898438,132.0202178955078,258.3429870605469,⑸社外役員に関する事項
15,15,42.36518096923828,256.12615966796875,169.3680419921875,269.224365234375,当事業年度における主な活動状況
15,16,42.369163513183594,472.2828369140625,509.9872131347656,496.338134765625,"（注）上記の取締役会の開催回数のほか、会社法第370条及び当社定款第27条の規定に基づき、取締役会決議があったもの
とみなす書面決議が１回ありました。"
15,17,528.8858032226562,538.1995849609375,544.0658569335938,549.6995849609375,14
16,0,46.62984848022461,539.3404541015625,168.96875,550.16943359375,"SINFONIA TECHNOLOGY CO.,LTD."
16,1,59.56761932373047,79.5711441040039,155.85064697265625,96.15620422363281,"■
4   会計監査人の状況"
16,2,56.579917907714844,103.40347290039062,132.78163146972656,116.65409088134766,⑴会計監査人の名称
16,3,65.0467758178711,113.93920135498047,161.00167846679688,127.03742218017578,有限責任 あずさ監査法人
16,4,56.579917907714844,129.80111694335938,225.91708374023438,143.05172729492188,⑵当事業年度に係る会計監査人の報酬等の額
16,5,65.0467758178711,139.83880615234375,335.9862365722656,184.31414794921875,"①当事業年度に係る会計監査人としての報酬等
　51百万円
②当社及び当社子会社が支払うべき金銭その他の財産上の利益の合計額
　51百万円"
16,6,67.43541717529297,184.84609985351562,528.1956176757812,235.92819213867188,"(注) １．当社と会計監査人との間の監査契約において、会社法に基づく監査と金融商品取引法に基づく監査の監査報酬等の額を明確に区分しておらず、実質的にも区分で
きませんので、①の金額にはこれらの合計額を記載しております。
　　　２．当社監査役会は、会計監査人の監査計画の内容、従前の事業年度における職務執行状況や報酬見積りの算出根拠などを確認し、検討した結果、会計監査人の報酬
等につき、会社法第399条第１項の同意を行っております。
　　　３．当社の子会社であるシンフォニアエンジニアリング㈱、昕芙旎雅機電（香港）有限公司、昕芙旎雅機電（東莞）有限公司、SINFONIA MICROTEC(VIETNAM)
CO.,LTD.、SINFONIA TECHNOLOGY (THAILAND)CO.,LTD.及び昕芙旎雅商貿（上海）有限公司は、当社の会計監査人以外の監査法人による監査を受けてお
ります。"
16,7,56.579917907714844,238.87417602539062,532.7644653320312,299.36383056640625,"⑶会計監査人の解任または不再任の決定の方針
　当社監査役会は、会計監査人の職務の執行に支障がある場合等、その必要があると判断した場合は、株主総会に提出する会
計監査人の解任または不再任に関する議案の内容を決定いたします。
　また、当社監査役会は、会計監査人が会社法第340条第１項各号に定める項目に該当すると認められる場合は、監査役全員
の同意に基づき、会計監査人を解任いたします。この場合、監査役会が選定した監査役は、解任後最初に招集される株主総会
において、会計監査人を解任した旨及びその理由を報告いたします。"
16,8,22.53582000732422,538.1995849609375,37.715816497802734,549.6995849609375,15
17,0,22.53538703918457,23.2740478515625,118.53538513183594,48.5860481262207,連結計算書類
17,1,399.09466552734375,539.3404541015625,521.4336547851562,550.16943359375,"SINFONIA TECHNOLOGY CO.,LTD."
17,2,542.275634765625,91.89385986328125,550.275634765625,491.9371643066406,"事
業
報
告
計
算
書
類
ト
ピ
ッ
ク
ス
連
結
計
算
書
類"
17,4,36.89091491699219,118.02051544189453,70.75830841064453,131.41506958007812,資産の部
17,5,36.89091491699219,132.5190887451172,237.0945281982422,146.54916381835938,"流動資産
77,049"
17,6,36.89091491699219,148.53665161132812,237.09742736816406,162.4053497314453,"現金及び預金
10,221"
17,7,36.89391326904297,164.72256469726562,237.09654235839844,178.5912628173828,"受取手形、売掛金及び契約資産
34,010"
17,8,36.892913818359375,180.90841674804688,237.0991973876953,194.77711486816406,"電子記録債権
7,128"
17,9,36.88751983642578,197.09432983398438,237.10267639160156,210.96302795410156,"商品及び製品
2,581"
17,10,36.89091491699219,213.28024291992188,237.0945281982422,227.14894104003906,"仕掛品
10,862"
17,11,36.89091491699219,229.46615600585938,237.09654235839844,243.33485412597656,"原材料及び貯蔵品
11,617"
17,12,36.892913818359375,245.65194702148438,237.09584045410156,259.5206604003906,"その他
716"
17,13,36.892913818359375,261.8378601074219,237.09498596191406,275.7065734863281,"貸倒引当金
△88"
17,14,36.89191436767578,278.192138671875,237.0955352783203,292.2221984863281,"固定資産
59,417"
17,15,36.89191436767578,294.2095947265625,237.09852600097656,308.07830810546875,"有形固定資産
37,079"
17,16,36.886512756347656,310.39556884765625,237.1010284423828,324.2642822265625,"建物及び構築物
15,308"
17,17,36.889015197753906,326.5813903808594,237.10218811035156,340.4501037597656,"機械装置及び運搬具
3,895"
17,18,36.89051818847656,342.7673034667969,237.0948028564453,356.6360168457031,"工具、器具及び備品
1,596"
17,19,36.891517639160156,358.9532470703125,237.0950164794922,372.82196044921875,"土地
15,263"
17,20,36.891517639160156,375.13909912109375,237.0970916748047,389.0078125,"リース資産
18"
17,21,36.89451599121094,391.3249816894531,237.10032653808594,405.1936950683594,"建設仮勘定
996"
17,22,36.889015197753906,407.5109558105469,237.09483337402344,421.3796691894531,"無形固定資産
945"
17,23,36.89201354980469,423.6968078613281,237.09751892089844,437.5655212402344,"投資その他の資産
21,392"
17,24,36.894012451171875,439.8826904296875,237.0955352783203,453.75140380859375,"投資有価証券
14,086"
17,25,36.89201354980469,456.06866455078125,237.09629821777344,469.9373779296875,"退職給付に係る資産
4,111"
17,26,36.89301300048828,472.2544860839844,237.0942840576172,486.1231994628906,"繰延税金資産
1,322"
17,27,36.891014099121094,488.4404602050781,237.09828186035156,502.3091735839844,"その他
1,939"
17,28,36.886512756347656,504.6261901855469,237.1014862060547,518.494873046875,"貸倒引当金
△67"
17,29,36.8900146484375,519.6107788085938,237.10276794433594,533.6408081054688,"資産合計
136,467"
17,30,285.4062194824219,118.02051544189453,319.2736511230469,131.41506958007812,負債の部
17,31,285.4062194824219,130.90049743652344,485.61865234375,157.54957580566406,"流動負債
38,296
　支払手形及び買掛金
16,302"
17,32,285.4043273925781,156.62954711914062,485.6151123046875,170.4982452392578,"短期借入金
770"
17,33,285.4038391113281,169.57827758789062,485.6109619140625,183.4469757080078,"１年内返済予定の長期借入金
3,296"
17,34,285.4077453613281,182.52700805664062,485.61492919921875,196.3957061767578,"未払費用
7,227"
17,35,285.4033203125,195.47573852539062,485.61846923828125,209.3444366455078,"未払法人税等
3,936"
17,36,285.4068298339844,208.42446899414062,485.6129150390625,222.2931671142578,"未払消費税等
1,371"
17,37,285.40972900390625,221.37313842773438,485.610595703125,235.24183654785156,"製品保証引当金
472"
17,38,285.4078369140625,234.32180786132812,485.61761474609375,248.1905059814453,"受注損失引当金
296"
17,39,285.4063415527344,247.27053833007812,485.61846923828125,261.1392517089844,"その他
4,622"
17,40,285.4068298339844,260.38763427734375,485.61822509765625,287.0367736816406,"固定負債
18,040
　長期借入金
10,869"
17,41,285.4063415527344,286.11669921875,485.612548828125,299.98541259765625,"繰延税金負債
2,058"
17,42,285.4093322753906,299.0653991699219,485.612548828125,312.9341125488281,"再評価に係る繰延税金負債
1,719"
17,43,285.4093322753906,312.01416015625,485.61810302734375,325.88287353515625,"役員株式給付引当金
213"
17,44,285.4068298339844,324.9627990722656,485.61602783203125,338.8315124511719,"退職給付に係る負債
2,396"
17,45,285.4043273925781,337.9114990234375,485.6160888671875,351.78021240234375,"その他
783"
17,46,285.40484619140625,351.27764892578125,485.61724853515625,365.3077087402344,"負債合計
56,337"
17,47,285.40533447265625,364.5440368652344,327.7396240234375,377.9385986328125,純資産の部
17,48,285.40533447265625,376.9260559082031,485.61822509765625,403.5751037597656,"株主資本
64,403
　資本金
10,156"
17,49,285.4063415527344,402.6551513671875,485.6170654296875,416.52386474609375,"資本剰余金
452"
17,50,285.40582275390625,415.6037902832031,485.61724853515625,429.4725036621094,"利益剰余金
55,733"
17,51,285.40533447265625,428.55255126953125,485.61297607421875,442.4212646484375,"自己株式
△1,940"
17,52,285.4093322753906,441.6695861816406,485.61370849609375,468.3187561035156,"その他の包括利益累計額
15,726
　その他有価証券評価差額金
7,471"
17,53,285.41033935546875,467.398681640625,485.61553955078125,481.26739501953125,"土地再評価差額金
3,863"
17,54,285.4038391113281,480.3474426269531,485.6180419921875,494.2161560058594,"為替換算調整勘定
1,573"
17,55,285.4063415527344,493.29608154296875,485.6185302734375,507.164794921875,"退職給付に係る調整累計額
2,819"
17,56,285.4068298339844,506.6622314453125,485.6142578125,520.6922607421875,"純資産合計
80,129"
17,57,285.40234375,519.6107788085938,485.6180419921875,533.6408081054688,"負債純資産合計
136,467"
17,58,33.89942169189453,76.12664031982422,207.93800354003906,96.61243438720703,連結貸借対照表（2025年３月31日現在）
17,59,446.3406066894531,92.15888977050781,510.0910949707031,104.48661804199219,（単位：百万円）
17,60,528.8858032226562,538.1995849609375,544.0658569335938,549.6995849609375,16
18,0,46.62984848022461,539.3404541015625,168.96875,550.16943359375,"SINFONIA TECHNOLOGY CO.,LTD."
18,1,70.52371978759766,120.15933227539062,485.3857727050781,133.40994262695312,"売
上
高
119,150"
18,2,70.52371978759766,138.23764038085938,485.3855285644531,151.48825073242188,"売
上
原
価
87,294"
18,3,70.52371978759766,156.31607055664062,485.3855285644531,169.81564331054688,"売
上
総
利
益
31,855"
18,4,70.52371978759766,174.39443969726562,485.3855285644531,187.64505004882812,"販売費及び一般管理費
16,121"
18,5,70.52371978759766,192.47286987304688,485.3855285644531,205.97244262695312,"営
業
利
益
15,734"
18,6,70.52371978759766,210.55130004882812,180.34719848632812,223.80191040039062,"営
 
業
 
外
 
収
 
益"
18,7,84.96752166748047,228.70587158203125,366.6004333496094,241.8040771484375,"受
取
利
息
及
び
配
当
金
710"
18,8,84.96752166748047,246.7843017578125,485.3849182128906,259.88250732421875,"そ
の
他
153
864"
18,9,70.5238265991211,264.7864685058594,180.34735107421875,278.0370788574219,"営
業
外
費
用"
18,10,84.9676284790039,282.94097900390625,366.6004333496094,296.0391845703125,"支
払
利
息
165"
18,11,84.9676284790039,301.0193786621094,366.6004333496094,314.1175842285156,"為
替
差
損
234"
18,12,84.9676284790039,318.59979248046875,485.3849182128906,331.697998046875,"そ
の
他
256
656"
18,13,70.5238265991211,336.10394287109375,485.3856506347656,349.60357666015625,"経
常
利
益
15,941"
18,14,70.5238265991211,354.1824035644531,208.73675537109375,367.4330139160156,"特
別
利
益"
18,15,84.9676284790039,372.33697509765625,366.60089111328125,385.4351806640625,"投
資
有
価
証
券
売
却
益
1,066"
18,16,84.9676284790039,390.4154052734375,485.3854064941406,403.51361083984375,"補
助
金
収
入
272
1,338"
18,17,70.5238265991211,408.41748046875,208.73675537109375,421.6680908203125,"特
別
損
失"
18,18,84.9676284790039,426.57208251953125,485.3850402832031,439.6702880859375,"固
定
資
産
整
理
損
失
491
491"
18,19,70.5238265991211,444.5743408203125,485.3856506347656,458.073974609375,"税金等調整前当期純利益
16,789"
18,20,70.5238265991211,462.6527404785156,366.6009216308594,475.9033508300781,"法人税、住民税及び事業税
4,952"
18,21,70.5238265991211,480.73114013671875,485.3854064941406,493.98175048828125,"法 人 税 等 調 整 額
△260
4,692"
18,22,70.5238265991211,498.8094482421875,485.3856506347656,512.3092041015625,"当
期
純
利
益
12,097"
18,23,70.5238265991211,516.8877563476562,485.3857727050781,530.3875732421875,"親会社株主に帰属する当期純利益
12,097"
18,24,56.57762908935547,76.12664031982422,297.8329162597656,96.61243438720703,連結損益計算書（2024年４月１日より2025年３月31日まで）
18,25,469.0108947753906,93.65303039550781,532.7613525390625,105.98075866699219,（単位：百万円）
18,26,22.53582000732422,538.1995849609375,37.715816497802734,549.6995849609375,17
19,0,399.09466552734375,539.3404541015625,521.4336547851562,550.16943359375,"SINFONIA TECHNOLOGY CO.,LTD."
19,1,542.275634765625,92.39385986328125,550.275634765625,491.9371643066406,"連
結
計
算
書
類
計
算
書
類
事
業
報
告
ト
ピ
ッ
ク
ス"
19,2,47.84651184082031,122.43401336669922,434.8203430175781,136.46408081054688,"営業活動によるキャッシュ・フロー
11,373"
19,3,47.847015380859375,146.09031677246094,434.8119812011719,160.12039184570312,"投資活動によるキャッシュ・フロー
△1,915"
19,4,47.847015380859375,169.4976043701172,434.8119812011719,183.52767944335938,"財務活動によるキャッシュ・フロー
△8,964"
19,5,47.84690856933594,192.9049530029297,434.8111267089844,206.93502807617188,"現金及び現金同等物に係る換算差額
154"
19,6,47.84690856933594,216.31224060058594,434.8111267089844,230.34231567382812,"現金及び現金同等物の増減額
648"
19,7,47.84690856933594,239.71946716308594,434.8114929199219,253.74954223632812,"現金及び現金同等物の期首残高
9,572"
19,8,47.84690856933594,263.37579345703125,434.8117370605469,277.4058532714844,"現金及び現金同等物の期末残高
10,221"
19,9,33.907127380371094,76.12664031982422,430.54705810546875,96.61243438720703,（ご参考）連結キャッシュ・フロー計算書（2024年４月１日より2025年３月31日まで）
19,10,446.3413391113281,93.65303039550781,510.0918273925781,105.98075866699219,（単位：百万円）
19,11,528.8858032226562,538.1995849609375,544.0658569335938,549.6995849609375,18
20,0,22.53538703918457,23.2740478515625,86.53538513183594,48.5860481262207,計算書類
20,1,46.62984848022461,539.3404541015625,168.96875,550.16943359375,"SINFONIA TECHNOLOGY CO.,LTD."
20,2,56.579429626464844,102.20006561279297,259.77191162109375,135.93357849121094,"資産の部
     
流動資産
63,013"
20,3,59.56562042236328,135.73585510253906,259.771728515625,148.06358337402344,"現金及び預金
5,598"
20,4,59.56562042236328,148.18653869628906,259.7719421386719,160.51426696777344,"受取手形、売掛金及び契約資産
27,110"
20,5,59.56562042236328,160.6371612548828,259.771728515625,172.9648895263672,"電子記録債権
6,498"
20,6,59.56562042236328,173.0878448486328,259.771728515625,185.4155731201172,"商品及び製品
1,195"
20,7,59.56562042236328,185.53858947753906,259.7719421386719,197.86631774902344,"仕掛品
11,926"
20,8,59.56562042236328,197.98927307128906,259.771728515625,210.31700134277344,"原材料及び貯蔵品
9,141"
20,9,59.56562042236328,210.43995666503906,259.771728515625,222.76768493652344,"未収入金
1,363"
20,10,59.56562042236328,222.89064025878906,259.77142333984375,235.21836853027344,"その他
212"
20,11,59.56562042236328,235.3413848876953,259.77154541015625,247.6691131591797,"貸倒引当金
△33"
20,12,59.56562042236328,247.96929931640625,259.77191162109375,260.44049072265625,"固定資産
52,231"
20,13,59.56562042236328,260.24273681640625,259.7719421386719,272.57049560546875,"有形固定資産
32,650"
20,14,59.56562042236328,272.69342041015625,259.7719421386719,285.02117919921875,"建物
11,508"
20,15,59.56562042236328,285.14410400390625,259.77142333984375,297.47186279296875,"構築物
620"
20,16,59.56562042236328,297.5946960449219,259.771728515625,309.9224548339844,"機械及び装置
3,477"
20,17,59.56562042236328,310.0454406738281,259.7711181640625,322.3731994628906,"車両運搬具
34"
20,18,59.56562042236328,322.49615478515625,259.771728515625,334.82391357421875,"工具、器具及び備品
1,293"
20,19,59.56562042236328,334.94683837890625,259.7719421386719,347.27459716796875,"土地
14,791"
20,20,59.56562042236328,347.3974914550781,259.7711181640625,359.7252502441406,"リース資産
15"
20,21,59.56562042236328,359.84808349609375,259.77142333984375,372.17584228515625,"建設仮勘定
907"
20,22,59.56562042236328,372.2987976074219,259.77142333984375,384.6265563964844,"無形固定資産
848"
20,23,59.56562042236328,384.7494812011719,259.77142333984375,397.0772399902344,"ソフトウェア
788"
20,24,59.56562042236328,397.2001953125,259.7711181640625,409.5279541015625,"ソフトウェア仮勘定
21"
20,25,59.56562042236328,409.65087890625,259.7711181640625,421.9786376953125,"その他
39"
20,26,59.56562042236328,422.1015930175781,259.7719421386719,434.4293518066406,"投資その他の資産
18,732"
20,27,59.56562042236328,434.5523681640625,259.7719421386719,446.880126953125,"投資有価証券
12,749"
20,28,59.56562042236328,447.00299072265625,259.771728515625,459.33074951171875,"関係会社株式
3,538"
20,29,59.56562042236328,459.4535827636719,259.77142333984375,471.7813415527344,"関係会社出資金
200"
20,30,59.56562042236328,471.904296875,259.77142333984375,484.2320556640625,"長期貸付金
244"
20,31,59.56562042236328,484.35498046875,259.77142333984375,496.6827392578125,"前払年金費用
921"
20,32,59.56562042236328,496.8056945800781,259.771728515625,509.1334533691406,"その他
1,130"
20,33,59.56562042236328,509.55523681640625,259.77154541015625,521.8829956054688,"貸倒引当金
△53"
20,34,59.56562042236328,521.8594970703125,259.772216796875,534.3306884765625,"資産合計
115,244"
20,36,308.08233642578125,111.94010925292969,508.2889099121094,535.75,"負債の部
流動負債
36,271
　支払手形
71
　電子記録債務
3,608
　買掛金
8,831
　短期借入金
770
　1年内返済予定の長期借入金
3,018
　リース債務
7
　未払金
1,408
　未払費用
5,507
　未払法人税等
2,937
　未払消費税等
1,028
　契約負債
1,887
　預り金
5,814
　製品保証引当金
472
　受注損失引当金
281
　その他
625
固定負債
14,286
　長期借入金
10,172
　リース債務
10
　繰延税金負債
552
　再評価に係る繰延税金負債
1,719
　退職給付引当金
906
　役員株式給付引当金
213
　資産除去債務
321
　その他
390
負債合計
50,558
純資産の部
株主資本
54,026
　資本金
10,156
　資本剰余金
452
　　資本準備金
452
　　その他資本剰余金
0
　利益剰余金
45,357
　　利益準備金
1,775
　　その他利益剰余金
43,581
　　　繰越利益剰余金
43,581
　自己株式
△1,940
評価・換算差額等
10,659
　その他有価証券評価差額金
6,796
　土地再評価差額金
3,863
純資産合計
64,686
負債純資産合計
115,244"
20,37,56.57892608642578,76.12664031982422,204.7189178466797,96.61243438720703,貸借対照表（2025年３月31日現在）
20,38,469.0121765136719,91.66084289550781,532.7626342773438,103.98857116699219,（単位：百万円）
20,39,22.53582000732422,538.1995849609375,37.715816497802734,549.6995849609375,19
21,0,399.09466552734375,539.3404541015625,521.4336547851562,550.16943359375,"SINFONIA TECHNOLOGY CO.,LTD."
21,1,542.275634765625,91.89385986328125,550.275634765625,491.9371643066406,"事
業
報
告
連
結
計
算
書
類
計
算
書
類
ト
ピ
ッ
ク
ス"
21,2,47.84651184082031,118.44113159179688,462.70831298828125,131.69174194335938,"売
上
高
89,317"
21,3,47.84651184082031,136.07125854492188,462.70831298828125,149.32186889648438,"売
上
原
価
67,406"
21,4,47.84651184082031,153.70144653320312,462.70831298828125,167.20108032226562,"売
上
総
利
益
21,910"
21,5,47.84651184082031,171.33157348632812,462.70843505859375,184.58218383789062,"販売費及び一般管理費
10,425"
21,6,47.84651184082031,188.96176147460938,462.70843505859375,202.46133422851562,"営
業
利
益
11,485"
21,7,47.84661865234375,206.59194946289062,157.67013549804688,219.84255981445312,"営
業
外
収
益"
21,8,62.290313720703125,224.29827880859375,343.923583984375,237.396484375,"受
取
利
息
及
び
配
当
金
1,526"
21,9,62.29042053222656,241.928466796875,462.70819091796875,255.02667236328125,"そ
の
他
83
1,610"
21,10,47.84661865234375,259.4823913574219,157.67013549804688,272.7330017089844,"営
業
外
費
用"
21,11,62.290313720703125,277.18878173828125,343.9232177734375,290.2869873046875,"支
払
利
息
188"
21,12,62.29042053222656,294.8190612792969,343.9229736328125,307.9172668457031,"為
替
差
損
82"
21,13,62.29042053222656,312.4491882324219,343.9229736328125,325.5473937988281,"コミットメントライン関連費用
45"
21,14,62.29042053222656,330.079345703125,462.70770263671875,343.17755126953125,"そ
の
他
131
446"
21,15,47.84661865234375,347.63323974609375,462.70843505859375,361.1329650878906,"経
常
利
益
12,649"
21,16,47.84661865234375,365.2634582519531,186.05950927734375,378.5140686035156,"特
別
利
益"
21,17,62.29042053222656,382.9698791503906,343.92364501953125,396.0680847167969,"投
資
有
価
証
券
売
却
益
1,066"
21,18,62.29042053222656,400.60009765625,462.70819091796875,413.69830322265625,"補
助
金
収
入
272
1,338"
21,19,47.84661865234375,418.154052734375,186.05950927734375,431.4046630859375,"特
別
損
失"
21,20,62.29042053222656,435.8603820800781,462.70782470703125,448.9585876464844,"固
定
資
産
整
理
損
失
495
495"
21,21,47.84661865234375,453.4144592285156,462.70843505859375,466.9140625,"税
引
前
当
期
純
利
益
13,491"
21,22,47.84661865234375,471.0445556640625,343.923583984375,484.295166015625,"法人税、住民税及び事業税
3,571"
21,23,47.84661865234375,488.6746826171875,462.70819091796875,501.92529296875,"法
人
税
等
調
整
額
△69
3,501"
21,24,47.84661865234375,506.3049621582031,462.70819091796875,519.8045654296875,"当
期
純
利
益
9,990"
21,25,33.900421142578125,76.12664031982422,249.2572479248047,96.61243438720703,損益計算書（2024年４月１日より2025年３月31日まで）
21,26,446.3336486816406,93.65303039550781,510.0841369628906,105.98075866699219,（単位：百万円）
21,27,528.8858032226562,538.1995849609375,544.0658569335938,549.6995849609375,20
22,0,14.53538703918457,23.2740478515625,174.53536987304688,48.5860481262207,（ご参考）トピックス
22,1,46.62984848022461,539.3404541015625,168.96875,550.16943359375,"SINFONIA TECHNOLOGY CO.,LTD."
22,2,76.5234603881836,132.61151123046875,375.3528137207031,181.56927490234375,"当社グループは、2025年度を初年度とする3ヵ年の中期経営計画
「SINFONIA NEXT DREAM」を策定し、取組を開始しております。
　長期目標として掲げる「社会・顧客・自らに響く挑戦と成長企業への変革」
の実現のため、事業規模の拡大に重点的に取り組んでまいります。"
22,3,82.9759292602539,193.4641876220703,120.8277359008789,208.27369689941406,基本方針
22,4,111.0677261352539,98.14995574951172,478.28399658203125,118.41561126708984,新グループ中期経営計画「SINFONIA NEXT DREAM」を策定
22,5,79.4853744506836,210.7625732421875,509.8558654785156,271.66754150390625,"当社のビジネスモデルの基本となる「技術オリエンテッド」（技術開発力・対応力でお客様満足度を高める）
による事業拡大を進めます。
　持続的な需要が見込まれる半導体関連市場での領域拡大及び防衛力整備計画に伴う航空宇宙事業のキャパシティ
拡充を事業拡大の牽引役とし、コア技術である「モーター/モータードライブ・パワーエレクトロニクス」技術の
強化を進めることで製品構成・事業ポートフォリオの変革を進めてまいります。"
22,6,79.4886245727539,291.4701843261719,220.93490600585938,305.500244140625,事業ポートフォリオの変革
22,7,22.53582000732422,538.1995849609375,37.715816497802734,549.6995849609375,21
23,0,399.09466552734375,539.3404541015625,521.4336547851562,550.16943359375,"SINFONIA TECHNOLOGY CO.,LTD."
23,1,542.275634765625,91.89385986328125,550.275634765625,491.9371643066406,"事
業
報
告
連
結
計
算
書
類
計
算
書
類
ト
ピ
ッ
ク
ス"
23,2,60.30023956298828,94.90168762207031,98.15204620361328,109.7112045288086,重点施策
23,3,66.61173248291016,346.906494140625,91.83997344970703,361.7160339355469,目  標
23,4,234.4679412841797,366.0833740234375,395.41033935546875,381.14190673828125,"2024年度実績
2027年度目標"
23,5,156.31744384765625,382.5182800292969,387.9058837890625,397.32781982421875,"売
上
高
1,192億円
1,600億円"
23,6,156.31744384765625,398.4551696777344,378.4422607421875,413.26470947265625,"営業利益率
13.2％
14％"
23,7,156.3175506591797,414.3919677734375,378.4422607421875,429.2015075683594,"R
O
E
15.7％
15％"
23,8,56.811119079589844,111.33949279785156,242.85275268554688,126.14900970458984,1．半導体関連分野・航空宇宙分野への注力
23,9,72.2522201538086,123.64977264404297,487.1705017089844,169.6182861328125,"世の中のあらゆる電化製品に欠かせない半導体市場は今後もさらなる進化・拡大が予測されており、当社の
強みである精密搬送技術を活かし、クリーン搬送システム・モーション機器セグメントの事業領域を広げます。
　防衛力強化・宇宙産業の成長促進が追い風となっている航空宇宙事業では、キャパシティを倍増するととも
に、技術の対応領域を広げることで事業規模を引き上げます。"
23,10,56.814659118652344,178.07667541503906,261.7821960449219,192.8861846923828,2．技術開発力／対応力強化による事業領域拡大
23,11,72.24922943115234,190.387451171875,487.1756896972656,225.39984130859375,"当社ビジネスモデルの基本となる技術開発力／対応力で顧客満足度向上（＝技術オリエンテッド）のさらな
る強化を目指し、技術者の大幅増強、教育プログラムの拡充、M＆Aを含む外部との協業を進め、開発のスピー
ドアップ・対応領域の拡大を図ります。"
23,12,56.808677673339844,233.8582305908203,261.7762145996094,248.66773986816406,3．事業拡大のための積極的な投資と業務効率化
23,13,72.2428207397461,246.16448974609375,487.1653747558594,281.1768798828125,"当社の事業規模拡大と社会課題となっている人手不足に対応したものづくり体制として、大幅なキャパシティ
増強及び自動化・デジタル化投資を進めます。また、技術開発体制の強化に向けては技術開発センターの設立等
を行い、サステナブルな企業成長の礎を構築してまいります。"
23,14,56.80902862548828,289.6332702636719,148.22113037109375,304.44281005859375,4．組織・文化の改革
23,15,72.24857330322266,301.944091796875,487.1773376464844,336.95648193359375,"会社及び個人の成長に向けてチャレンジできる人・チャレンジする人を支える企業への変革を実現するた
め、中長期的な成長を視野に、人財確保・人財教育・評価制度の充実等の人的投資、事業環境に柔軟に対応で
きる組織改革を行ってまいります。"
23,16,56.81501007080078,440.05035400390625,179.8333740234375,454.8598937988281,・株主還元に関する基本方針
23,17,66.27596282958984,452.3611755371094,416.1265563964844,465.4593811035156,安定的な配当を行うことを前提に配当性向30％を目安に配当金額を決定してまいります。
23,18,56.80902862548828,473.9177551269531,179.827392578125,488.727294921875,・キャッシュアロケーション
23,19,66.2789535522461,486.22857666015625,487.1793518066406,521.240966796875,"2025年度から2027年度において、営業キャッシュフロー及び資産の圧縮・有効活用（政策保有株の縮減
含）による620億円を原資とし、2030年に向けての拡大投資320億円、事業運営の効率化と安定化確保に向け
ての更新・自動化投資等180億円を実施してまいります。また、株主還元額は120億円を想定しております。"
23,20,528.8858032226562,538.1995849609375,544.0658569335938,549.6995849609375,22
24,0,47.30774688720703,57.95669937133789,87.15174102783203,73.54566955566406,株主メモ
24,1,43.024658203125,99.79412078857422,223.53286743164062,112.89234161376953,"事業年度
４月１日から翌年３月31日まで"
24,2,43.02216339111328,130.6719970703125,119.22167205810547,143.77020263671875,"定時株主総会
６月"
24,3,43.02265930175781,156.32037353515625,198.13729858398438,169.4185791015625,"基準日
定時株主総会　３月31日"
24,4,102.29246520996094,170.2657470703125,198.13729858398438,183.36395263671875,期末配当金　　３月31日
24,5,102.29246520996094,184.21112060546875,198.13729858398438,197.309326171875,中間配当金　　９月30日
24,6,102.29246520996094,198.1546630859375,268.2293701171875,211.25286865234375,（その他必要あるときは予め公告します。）
24,7,43.023162841796875,224.301025390625,220.82345581054688,237.39923095703125,"上場取引所
東京証券取引所　プライム市場"
24,8,297.5182189941406,95.80992889404297,500.7220764160156,108.90814971923828,株主名簿管理人東京都千代田区丸の内一丁目４番１号
24,9,356.7855224609375,109.75530242919922,458.3877868652344,122.85352325439453,三井住友信託銀行株式会社
24,10,297.5202331542969,132.97760009765625,337.3642883300781,145.4487762451172,特別口座の
24,11,297.5202331542969,146.9229736328125,345.3330993652344,159.39414978027344,口座管理機関
24,12,356.7860412597656,132.6640625,500.7226257324219,145.76226806640625,東京都千代田区丸の内一丁目４番１号
24,13,356.7860412597656,146.60943603515625,458.3883361816406,159.7076416015625,三井住友信託銀行株式会社
24,14,297.5127258300781,170.76318359375,407.0293884277344,183.86138916015625,"郵便物送付先
〒168-0063"
24,15,356.7785339355469,184.70855712890625,483.7814025878906,197.8067626953125,東京都杉並区和泉二丁目８番４号
24,16,356.7785339355469,198.6539306640625,509.1819763183594,211.75213623046875,三井住友信託銀行株式会社　証券代行部
24,17,297.51324462890625,212.597412109375,520.4722900390625,225.69561767578125,"電話照会先
TEL　0120（782）031（フリーダイヤル）"
24,18,47.31175994873047,271.1209411621094,326.2197265625,286.70989990234375,単元未満株式の買増・買取、住所変更等のお申し出先について
24,19,44.024757385253906,294.2825012207031,238.76248168945312,307.3807067871094,株主様の口座のある証券会社にお申し出ください。
24,20,44.024757385253906,308.2279052734375,323.4310607910156,321.32611083984375,なお、証券会社に口座がないため特別口座にて管理されている株主様は、
24,21,44.024757385253906,322.1733093261719,348.8316345214844,335.2715148925781,特別口座の口座管理機関である三井住友信託銀行株式会社にお申し出ください。
24,22,246.3458251953125,529.53466796875,330.4305419921875,538.8939208984375,見やすいユニバーサルデザイン
24,23,246.3458251953125,538.6095581054688,324.42449951171875,547.9688110351562,フォントを採用しています。
24,24,347.4937744140625,546.65966796875,547.7056274414062,553.8289184570312,"この印刷物はFSC
®認証紙を使用しています。
この印刷物は植物油インキで作成されています。"
24,25,28.25555419921875,510.71246337890625,184.86634826660156,552.9232177734375,"〒105-8564
東京都港区芝大門一丁目１番30号 芝タワー
TEL　03（5473）1800
https://www.sinfo-t.jp"
